<?xml version="1.0" encoding="UTF-8"?>
<annotation>
	<folder>images</folder>
  <filename>100_42.jpg</filename>
	<path>D:\Desktop\maix_train\datasets\number1_8\images\100_42.jpg</path>
  <size>
    <width>224</width>
    <height>224</height>
    <depth>3</depth>
  </size>
  <segmented>0</segmented>
  <object>
    <name>2</name>
    <truncated>0</truncated>
    <difficult>0</difficult>
    <occluded>0</occluded>
    <bndbox>
      <xmin>8</xmin>
      <ymin>46</ymin>
      <xmax>90</xmax>
      <ymax>107</ymax>
    </bndbox>
  </object>
  <object>
    <name>4</name>
    <truncated>0</truncated>
    <difficult>0</difficult>
    <occluded>0</occluded>
    <bndbox>
      <xmin>106</xmin>
      <ymin>21</ymin>
      <xmax>210</xmax>
      <ymax>108</ymax>
    </bndbox>
  </object>
  <object>
    <name>1</name>
    <truncated>0</truncated>
    <difficult>0</difficult>
    <occluded>0</occluded>
    <bndbox>
      <xmin>11</xmin>
      <ymin>117</ymin>
      <xmax>88</xmax>
      <ymax>195</ymax>
    </bndbox>
  </object>
  <object>
    <name>3</name>
    <truncated>0</truncated>
    <difficult>0</difficult>
    <occluded>0</occluded>
    <bndbox>
      <xmin>99</xmin>
      <ymin>116</ymin>
      <xmax>216</xmax>
      <ymax>200</ymax>
    </bndbox>
  </object>
</annotation>