<?xml version="1.0" encoding="UTF-8"?>
<annotation>
	<folder>images</folder>
  <filename>101_98.jpg</filename>
	<path>D:\Desktop\maix_train\datasets\number1_8\images\101_98.jpg</path>
  <size>
    <width>224</width>
    <height>224</height>
    <depth>3</depth>
  </size>
  <segmented>0</segmented>
  <object>
    <name>6</name>
    <truncated>0</truncated>
    <difficult>0</difficult>
    <occluded>0</occluded>
    <bndbox>
      <xmin>11</xmin>
      <ymin>35</ymin>
      <xmax>92</xmax>
      <ymax>101</ymax>
    </bndbox>
  </object>
  <object>
    <name>8</name>
    <truncated>0</truncated>
    <difficult>0</difficult>
    <occluded>0</occluded>
    <bndbox>
      <xmin>102</xmin>
      <ymin>17</ymin>
      <xmax>206</xmax>
      <ymax>102</ymax>
    </bndbox>
  </object>
  <object>
    <name>5</name>
    <truncated>0</truncated>
    <difficult>0</difficult>
    <occluded>0</occluded>
    <bndbox>
      <xmin>15</xmin>
      <ymin>111</ymin>
      <xmax>94</xmax>
      <ymax>185</ymax>
    </bndbox>
  </object>
  <object>
    <name>7</name>
    <truncated>0</truncated>
    <difficult>0</difficult>
    <occluded>0</occluded>
    <bndbox>
      <xmin>105</xmin>
      <ymin>114</ymin>
      <xmax>205</xmax>
      <ymax>193</ymax>
    </bndbox>
  </object>
</annotation>