<?xml version="1.0" encoding="UTF-8"?>
<annotation>
	<folder>images</folder>
  <filename>102_99.jpg</filename>
	<path>D:\Desktop\maix_train\datasets\number1_8\images\102_99.jpg</path>
  <size>
    <width>224</width>
    <height>224</height>
    <depth>3</depth>
  </size>
  <segmented>0</segmented>
  <object>
    <name>6</name>
    <truncated>0</truncated>
    <difficult>0</difficult>
    <occluded>0</occluded>
    <bndbox>
      <xmin>17</xmin>
      <ymin>31</ymin>
      <xmax>85</xmax>
      <ymax>97</ymax>
    </bndbox>
  </object>
  <object>
    <name>8</name>
    <truncated>0</truncated>
    <difficult>0</difficult>
    <occluded>0</occluded>
    <bndbox>
      <xmin>90</xmin>
      <ymin>12</ymin>
      <xmax>199</xmax>
      <ymax>100</ymax>
    </bndbox>
  </object>
  <object>
    <name>5</name>
    <truncated>0</truncated>
    <difficult>0</difficult>
    <occluded>0</occluded>
    <bndbox>
      <xmin>22</xmin>
      <ymin>107</ymin>
      <xmax>83</xmax>
      <ymax>177</ymax>
    </bndbox>
  </object>
  <object>
    <name>7</name>
    <truncated>0</truncated>
    <difficult>0</difficult>
    <occluded>0</occluded>
    <bndbox>
      <xmin>101</xmin>
      <ymin>115</ymin>
      <xmax>201</xmax>
      <ymax>184</ymax>
    </bndbox>
  </object>
</annotation>