<?xml version="1.0" encoding="UTF-8"?>
<annotation>
	<folder>images</folder>
  <filename>103_100.jpg</filename>
	<path>D:\Desktop\maix_train\datasets\number1_8\images\103_100.jpg</path>
  <size>
    <width>224</width>
    <height>224</height>
    <depth>3</depth>
  </size>
  <segmented>0</segmented>
  <object>
    <name>6</name>
    <truncated>0</truncated>
    <difficult>0</difficult>
    <occluded>0</occluded>
    <bndbox>
      <xmin>8</xmin>
      <ymin>32</ymin>
      <xmax>78</xmax>
      <ymax>99</ymax>
    </bndbox>
  </object>
  <object>
    <name>8</name>
    <truncated>0</truncated>
    <difficult>0</difficult>
    <occluded>0</occluded>
    <bndbox>
      <xmin>94</xmin>
      <ymin>16</ymin>
      <xmax>193</xmax>
      <ymax>100</ymax>
    </bndbox>
  </object>
  <object>
    <name>5</name>
    <truncated>0</truncated>
    <difficult>0</difficult>
    <occluded>0</occluded>
    <bndbox>
      <xmin>10</xmin>
      <ymin>108</ymin>
      <xmax>84</xmax>
      <ymax>180</ymax>
    </bndbox>
  </object>
  <object>
    <name>7</name>
    <truncated>0</truncated>
    <difficult>0</difficult>
    <occluded>0</occluded>
    <bndbox>
      <xmin>95</xmin>
      <ymin>116</ymin>
      <xmax>195</xmax>
      <ymax>188</ymax>
    </bndbox>
  </object>
</annotation>