<?xml version="1.0" encoding="UTF-8"?>
<annotation>
	<folder>images</folder>
  <filename>105_102.jpg</filename>
	<path>D:\Desktop\maix_train\datasets\number1_8\images\105_102.jpg</path>
  <size>
    <width>224</width>
    <height>224</height>
    <depth>3</depth>
  </size>
  <segmented>0</segmented>
  <object>
    <name>6</name>
    <truncated>0</truncated>
    <difficult>0</difficult>
    <occluded>0</occluded>
    <bndbox>
      <xmin>1</xmin>
      <ymin>29</ymin>
      <xmax>72</xmax>
      <ymax>102</ymax>
    </bndbox>
  </object>
  <object>
    <name>8</name>
    <truncated>0</truncated>
    <difficult>0</difficult>
    <occluded>0</occluded>
    <bndbox>
      <xmin>88</xmin>
      <ymin>9</ymin>
      <xmax>194</xmax>
      <ymax>95</ymax>
    </bndbox>
  </object>
  <object>
    <name>5</name>
    <truncated>0</truncated>
    <difficult>0</difficult>
    <occluded>0</occluded>
    <bndbox>
      <xmin>10</xmin>
      <ymin>110</ymin>
      <xmax>76</xmax>
      <ymax>183</ymax>
    </bndbox>
  </object>
  <object>
    <name>7</name>
    <truncated>0</truncated>
    <difficult>0</difficult>
    <occluded>0</occluded>
    <bndbox>
      <xmin>89</xmin>
      <ymin>124</ymin>
      <xmax>185</xmax>
      <ymax>187</ymax>
    </bndbox>
  </object>
</annotation>