<?xml version="1.0" encoding="UTF-8"?>
<annotation>
	<folder>images</folder>
  <filename>107_104.jpg</filename>
	<path>D:\Desktop\maix_train\datasets\number1_8\images\107_104.jpg</path>
  <size>
    <width>224</width>
    <height>224</height>
    <depth>3</depth>
  </size>
  <segmented>0</segmented>
  <object>
    <name>6</name>
    <truncated>0</truncated>
    <difficult>0</difficult>
    <occluded>0</occluded>
    <bndbox>
      <xmin>3</xmin>
      <ymin>23</ymin>
      <xmax>66</xmax>
      <ymax>103</ymax>
    </bndbox>
  </object>
  <object>
    <name>8</name>
    <truncated>0</truncated>
    <difficult>0</difficult>
    <occluded>0</occluded>
    <bndbox>
      <xmin>81</xmin>
      <ymin>8</ymin>
      <xmax>176</xmax>
      <ymax>94</ymax>
    </bndbox>
  </object>
  <object>
    <name>5</name>
    <truncated>0</truncated>
    <difficult>0</difficult>
    <occluded>0</occluded>
    <bndbox>
      <xmin>10</xmin>
      <ymin>107</ymin>
      <xmax>73</xmax>
      <ymax>184</ymax>
    </bndbox>
  </object>
  <object>
    <name>7</name>
    <truncated>0</truncated>
    <difficult>0</difficult>
    <occluded>0</occluded>
    <bndbox>
      <xmin>81</xmin>
      <ymin>113</ymin>
      <xmax>179</xmax>
      <ymax>186</ymax>
    </bndbox>
  </object>
</annotation>