<?xml version="1.0" encoding="UTF-8"?>
<annotation>
	<folder>images</folder>
  <filename>109_190.jpg</filename>
	<path>D:\Desktop\maix_train\datasets\number1_8\images\109_190.jpg</path>
  <size>
    <width>224</width>
    <height>224</height>
    <depth>3</depth>
  </size>
  <segmented>0</segmented>
  <object>
    <name>6</name>
    <truncated>0</truncated>
    <difficult>0</difficult>
    <occluded>0</occluded>
    <bndbox>
      <xmin>20</xmin>
      <ymin>16</ymin>
      <xmax>79</xmax>
      <ymax>96</ymax>
    </bndbox>
  </object>
  <object>
    <name>8</name>
    <truncated>0</truncated>
    <difficult>0</difficult>
    <occluded>0</occluded>
    <bndbox>
      <xmin>90</xmin>
      <ymin>0</ymin>
      <xmax>191</xmax>
      <ymax>94</ymax>
    </bndbox>
  </object>
  <object>
    <name>5</name>
    <truncated>0</truncated>
    <difficult>0</difficult>
    <occluded>0</occluded>
    <bndbox>
      <xmin>24</xmin>
      <ymin>101</ymin>
      <xmax>83</xmax>
      <ymax>168</ymax>
    </bndbox>
  </object>
  <object>
    <name>7</name>
    <truncated>0</truncated>
    <difficult>0</difficult>
    <occluded>0</occluded>
    <bndbox>
      <xmin>93</xmin>
      <ymin>107</ymin>
      <xmax>195</xmax>
      <ymax>180</ymax>
    </bndbox>
  </object>
</annotation>