<?xml version="1.0" encoding="UTF-8"?>
<annotation>
	<folder>images</folder>
  <filename>10_48.jpg</filename>
	<path>D:\Desktop\maix_train\datasets\number1_8\images\10_48.jpg</path>
  <size>
    <width>224</width>
    <height>224</height>
    <depth>3</depth>
  </size>
  <segmented>0</segmented>
  <object>
    <name>2</name>
    <truncated>0</truncated>
    <difficult>0</difficult>
    <occluded>0</occluded>
    <bndbox>
      <xmin>14</xmin>
      <ymin>31</ymin>
      <xmax>83</xmax>
      <ymax>103</ymax>
    </bndbox>
  </object>
  <object>
    <name>4</name>
    <truncated>0</truncated>
    <difficult>0</difficult>
    <occluded>0</occluded>
    <bndbox>
      <xmin>102</xmin>
      <ymin>8</ymin>
      <xmax>224</xmax>
      <ymax>100</ymax>
    </bndbox>
  </object>
  <object>
    <name>1</name>
    <truncated>0</truncated>
    <difficult>0</difficult>
    <occluded>0</occluded>
    <bndbox>
      <xmin>9</xmin>
      <ymin>114</ymin>
      <xmax>78</xmax>
      <ymax>198</ymax>
    </bndbox>
  </object>
  <object>
    <name>3</name>
    <truncated>0</truncated>
    <difficult>0</difficult>
    <occluded>0</occluded>
    <bndbox>
      <xmin>105</xmin>
      <ymin>115</ymin>
      <xmax>223</xmax>
      <ymax>200</ymax>
    </bndbox>
  </object>
</annotation>