<?xml version="1.0" encoding="UTF-8"?>
<annotation>
	<folder>images</folder>
  <filename>110_192.jpg</filename>
	<path>D:\Desktop\maix_train\datasets\number1_8\images\110_192.jpg</path>
  <size>
    <width>224</width>
    <height>224</height>
    <depth>3</depth>
  </size>
  <segmented>0</segmented>
  <object>
    <name>6</name>
    <truncated>0</truncated>
    <difficult>0</difficult>
    <occluded>0</occluded>
    <bndbox>
      <xmin>14</xmin>
      <ymin>24</ymin>
      <xmax>72</xmax>
      <ymax>98</ymax>
    </bndbox>
  </object>
  <object>
    <name>8</name>
    <truncated>0</truncated>
    <difficult>0</difficult>
    <occluded>0</occluded>
    <bndbox>
      <xmin>76</xmin>
      <ymin>4</ymin>
      <xmax>187</xmax>
      <ymax>101</ymax>
    </bndbox>
  </object>
  <object>
    <name>5</name>
    <truncated>0</truncated>
    <difficult>0</difficult>
    <occluded>0</occluded>
    <bndbox>
      <xmin>16</xmin>
      <ymin>106</ymin>
      <xmax>76</xmax>
      <ymax>177</ymax>
    </bndbox>
  </object>
  <object>
    <name>7</name>
    <truncated>0</truncated>
    <difficult>0</difficult>
    <occluded>0</occluded>
    <bndbox>
      <xmin>82</xmin>
      <ymin>112</ymin>
      <xmax>180</xmax>
      <ymax>190</ymax>
    </bndbox>
  </object>
</annotation>