<?xml version="1.0" encoding="UTF-8"?>
<annotation>
	<folder>images</folder>
  <filename>111_191.jpg</filename>
	<path>D:\Desktop\maix_train\datasets\number1_8\images\111_191.jpg</path>
  <size>
    <width>224</width>
    <height>224</height>
    <depth>3</depth>
  </size>
  <segmented>0</segmented>
  <object>
    <name>6</name>
    <truncated>0</truncated>
    <difficult>0</difficult>
    <occluded>0</occluded>
    <bndbox>
      <xmin>4</xmin>
      <ymin>31</ymin>
      <xmax>58</xmax>
      <ymax>108</ymax>
    </bndbox>
  </object>
  <object>
    <name>8</name>
    <truncated>0</truncated>
    <difficult>0</difficult>
    <occluded>0</occluded>
    <bndbox>
      <xmin>68</xmin>
      <ymin>7</ymin>
      <xmax>169</xmax>
      <ymax>109</ymax>
    </bndbox>
  </object>
  <object>
    <name>5</name>
    <truncated>0</truncated>
    <difficult>0</difficult>
    <occluded>0</occluded>
    <bndbox>
      <xmin>11</xmin>
      <ymin>115</ymin>
      <xmax>62</xmax>
      <ymax>181</ymax>
    </bndbox>
  </object>
  <object>
    <name>7</name>
    <truncated>0</truncated>
    <difficult>0</difficult>
    <occluded>0</occluded>
    <bndbox>
      <xmin>76</xmin>
      <ymin>123</ymin>
      <xmax>169</xmax>
      <ymax>193</ymax>
    </bndbox>
  </object>
</annotation>