<?xml version="1.0" encoding="UTF-8"?>
<annotation>
	<folder>images</folder>
  <filename>112_193.jpg</filename>
	<path>D:\Desktop\maix_train\datasets\number1_8\images\112_193.jpg</path>
  <size>
    <width>224</width>
    <height>224</height>
    <depth>3</depth>
  </size>
  <segmented>0</segmented>
  <object>
    <name>6</name>
    <truncated>0</truncated>
    <difficult>0</difficult>
    <occluded>0</occluded>
    <bndbox>
      <xmin>5</xmin>
      <ymin>30</ymin>
      <xmax>60</xmax>
      <ymax>107</ymax>
    </bndbox>
  </object>
  <object>
    <name>8</name>
    <truncated>0</truncated>
    <difficult>0</difficult>
    <occluded>0</occluded>
    <bndbox>
      <xmin>72</xmin>
      <ymin>1</ymin>
      <xmax>178</xmax>
      <ymax>114</ymax>
    </bndbox>
  </object>
  <object>
    <name>5</name>
    <truncated>0</truncated>
    <difficult>0</difficult>
    <occluded>0</occluded>
    <bndbox>
      <xmin>4</xmin>
      <ymin>117</ymin>
      <xmax>64</xmax>
      <ymax>181</ymax>
    </bndbox>
  </object>
  <object>
    <name>7</name>
    <truncated>0</truncated>
    <difficult>0</difficult>
    <occluded>0</occluded>
    <bndbox>
      <xmin>76</xmin>
      <ymin>125</ymin>
      <xmax>172</xmax>
      <ymax>198</ymax>
    </bndbox>
  </object>
</annotation>