<?xml version="1.0" encoding="UTF-8"?>
<annotation>
	<folder>images</folder>
  <filename>116_197.jpg</filename>
	<path>D:\Desktop\maix_train\datasets\number1_8\images\116_197.jpg</path>
  <size>
    <width>224</width>
    <height>224</height>
    <depth>3</depth>
  </size>
  <segmented>0</segmented>
  <object>
    <name>6</name>
    <truncated>0</truncated>
    <difficult>0</difficult>
    <occluded>0</occluded>
    <bndbox>
      <xmin>15</xmin>
      <ymin>27</ymin>
      <xmax>64</xmax>
      <ymax>96</ymax>
    </bndbox>
  </object>
  <object>
    <name>8</name>
    <truncated>0</truncated>
    <difficult>0</difficult>
    <occluded>0</occluded>
    <bndbox>
      <xmin>72</xmin>
      <ymin>0</ymin>
      <xmax>182</xmax>
      <ymax>100</ymax>
    </bndbox>
  </object>
  <object>
    <name>5</name>
    <truncated>0</truncated>
    <difficult>0</difficult>
    <occluded>0</occluded>
    <bndbox>
      <xmin>24</xmin>
      <ymin>108</ymin>
      <xmax>69</xmax>
      <ymax>162</ymax>
    </bndbox>
  </object>
  <object>
    <name>7</name>
    <truncated>0</truncated>
    <difficult>0</difficult>
    <occluded>0</occluded>
    <bndbox>
      <xmin>83</xmin>
      <ymin>112</ymin>
      <xmax>168</xmax>
      <ymax>199</ymax>
    </bndbox>
  </object>
</annotation>