<?xml version="1.0" encoding="UTF-8"?>
<annotation>
	<folder>images</folder>
  <filename>117_198.jpg</filename>
	<path>D:\Desktop\maix_train\datasets\number1_8\images\117_198.jpg</path>
  <size>
    <width>224</width>
    <height>224</height>
    <depth>3</depth>
  </size>
  <segmented>0</segmented>
  <object>
    <name>6</name>
    <truncated>0</truncated>
    <difficult>0</difficult>
    <occluded>0</occluded>
    <bndbox>
      <xmin>6</xmin>
      <ymin>30</ymin>
      <xmax>53</xmax>
      <ymax>103</ymax>
    </bndbox>
  </object>
  <object>
    <name>8</name>
    <truncated>0</truncated>
    <difficult>0</difficult>
    <occluded>0</occluded>
    <bndbox>
      <xmin>62</xmin>
      <ymin>1</ymin>
      <xmax>158</xmax>
      <ymax>107</ymax>
    </bndbox>
  </object>
  <object>
    <name>5</name>
    <truncated>0</truncated>
    <difficult>0</difficult>
    <occluded>0</occluded>
    <bndbox>
      <xmin>15</xmin>
      <ymin>114</ymin>
      <xmax>58</xmax>
      <ymax>179</ymax>
    </bndbox>
  </object>
  <object>
    <name>7</name>
    <truncated>0</truncated>
    <difficult>0</difficult>
    <occluded>0</occluded>
    <bndbox>
      <xmin>72</xmin>
      <ymin>130</ymin>
      <xmax>160</xmax>
      <ymax>201</ymax>
    </bndbox>
  </object>
</annotation>