<?xml version="1.0" encoding="UTF-8"?>
<annotation>
	<folder>images</folder>
  <filename>118_199.jpg</filename>
	<path>D:\Desktop\maix_train\datasets\number1_8\images\118_199.jpg</path>
  <size>
    <width>224</width>
    <height>224</height>
    <depth>3</depth>
  </size>
  <segmented>0</segmented>
  <object>
    <name>6</name>
    <truncated>0</truncated>
    <difficult>0</difficult>
    <occluded>0</occluded>
    <bndbox>
      <xmin>6</xmin>
      <ymin>35</ymin>
      <xmax>55</xmax>
      <ymax>101</ymax>
    </bndbox>
  </object>
  <object>
    <name>8</name>
    <truncated>0</truncated>
    <difficult>0</difficult>
    <occluded>0</occluded>
    <bndbox>
      <xmin>60</xmin>
      <ymin>5</ymin>
      <xmax>147</xmax>
      <ymax>114</ymax>
    </bndbox>
  </object>
  <object>
    <name>5</name>
    <truncated>0</truncated>
    <difficult>0</difficult>
    <occluded>0</occluded>
    <bndbox>
      <xmin>17</xmin>
      <ymin>117</ymin>
      <xmax>54</xmax>
      <ymax>171</ymax>
    </bndbox>
  </object>
  <object>
    <name>7</name>
    <truncated>0</truncated>
    <difficult>0</difficult>
    <occluded>0</occluded>
    <bndbox>
      <xmin>65</xmin>
      <ymin>126</ymin>
      <xmax>151</xmax>
      <ymax>200</ymax>
    </bndbox>
  </object>
</annotation>