<?xml version="1.0" encoding="UTF-8"?>
<annotation>
	<folder>images</folder>
  <filename>120_108.jpg</filename>
	<path>D:\Desktop\maix_train\datasets\number1_8\images\120_108.jpg</path>
  <size>
    <width>224</width>
    <height>224</height>
    <depth>3</depth>
  </size>
  <segmented>0</segmented>
  <object>
    <name>6</name>
    <truncated>0</truncated>
    <difficult>0</difficult>
    <occluded>0</occluded>
    <bndbox>
      <xmin>0</xmin>
      <ymin>29</ymin>
      <xmax>44</xmax>
      <ymax>102</ymax>
    </bndbox>
  </object>
  <object>
    <name>8</name>
    <truncated>0</truncated>
    <difficult>0</difficult>
    <occluded>0</occluded>
    <bndbox>
      <xmin>53</xmin>
      <ymin>12</ymin>
      <xmax>122</xmax>
      <ymax>111</ymax>
    </bndbox>
  </object>
  <object>
    <name>5</name>
    <truncated>0</truncated>
    <difficult>0</difficult>
    <occluded>0</occluded>
    <bndbox>
      <xmin>4</xmin>
      <ymin>111</ymin>
      <xmax>50</xmax>
      <ymax>188</ymax>
    </bndbox>
  </object>
  <object>
    <name>7</name>
    <truncated>0</truncated>
    <difficult>0</difficult>
    <occluded>0</occluded>
    <bndbox>
      <xmin>57</xmin>
      <ymin>135</ymin>
      <xmax>148</xmax>
      <ymax>209</ymax>
    </bndbox>
  </object>
</annotation>