<?xml version="1.0" encoding="UTF-8"?>
<annotation>
	<folder>images</folder>
  <filename>121_107.jpg</filename>
	<path>D:\Desktop\maix_train\datasets\number1_8\images\121_107.jpg</path>
  <size>
    <width>224</width>
    <height>224</height>
    <depth>3</depth>
  </size>
  <segmented>0</segmented>
  <object>
    <name>8</name>
    <truncated>0</truncated>
    <difficult>0</difficult>
    <occluded>0</occluded>
    <bndbox>
      <xmin>41</xmin>
      <ymin>32</ymin>
      <xmax>125</xmax>
      <ymax>117</ymax>
    </bndbox>
  </object>
  <object>
    <name>5</name>
    <truncated>0</truncated>
    <difficult>0</difficult>
    <occluded>0</occluded>
    <bndbox>
      <xmin>0</xmin>
      <ymin>134</ymin>
      <xmax>42</xmax>
      <ymax>200</ymax>
    </bndbox>
  </object>
  <object>
    <name>7</name>
    <truncated>0</truncated>
    <difficult>0</difficult>
    <occluded>0</occluded>
    <bndbox>
      <xmin>51</xmin>
      <ymin>148</ymin>
      <xmax>141</xmax>
      <ymax>218</ymax>
    </bndbox>
  </object>
</annotation>