<?xml version="1.0" encoding="UTF-8"?>
<annotation>
	<folder>images</folder>
  <filename>125_113.jpg</filename>
	<path>D:\Desktop\maix_train\datasets\number1_8\images\125_113.jpg</path>
  <size>
    <width>224</width>
    <height>224</height>
    <depth>3</depth>
  </size>
  <segmented>0</segmented>
  <object>
    <name>6</name>
    <truncated>0</truncated>
    <difficult>0</difficult>
    <occluded>0</occluded>
    <bndbox>
      <xmin>3</xmin>
      <ymin>39</ymin>
      <xmax>83</xmax>
      <ymax>103</ymax>
    </bndbox>
  </object>
  <object>
    <name>8</name>
    <truncated>0</truncated>
    <difficult>0</difficult>
    <occluded>0</occluded>
    <bndbox>
      <xmin>118</xmin>
      <ymin>18</ymin>
      <xmax>212</xmax>
      <ymax>90</ymax>
    </bndbox>
  </object>
  <object>
    <name>5</name>
    <truncated>0</truncated>
    <difficult>0</difficult>
    <occluded>0</occluded>
    <bndbox>
      <xmin>12</xmin>
      <ymin>118</ymin>
      <xmax>92</xmax>
      <ymax>201</ymax>
    </bndbox>
  </object>
  <object>
    <name>7</name>
    <truncated>0</truncated>
    <difficult>0</difficult>
    <occluded>0</occluded>
    <bndbox>
      <xmin>108</xmin>
      <ymin>124</ymin>
      <xmax>223</xmax>
      <ymax>205</ymax>
    </bndbox>
  </object>
</annotation>