<?xml version="1.0" encoding="UTF-8"?>
<annotation>
	<folder>images</folder>
  <filename>129_118.jpg</filename>
	<path>D:\Desktop\maix_train\datasets\number1_8\images\129_118.jpg</path>
  <size>
    <width>224</width>
    <height>224</height>
    <depth>3</depth>
  </size>
  <segmented>0</segmented>
  <object>
    <name>6</name>
    <truncated>0</truncated>
    <difficult>0</difficult>
    <occluded>0</occluded>
    <bndbox>
      <xmin>39</xmin>
      <ymin>33</ymin>
      <xmax>133</xmax>
      <ymax>93</ymax>
    </bndbox>
  </object>
  <object>
    <name>8</name>
    <truncated>0</truncated>
    <difficult>0</difficult>
    <occluded>0</occluded>
    <bndbox>
      <xmin>146</xmin>
      <ymin>17</ymin>
      <xmax>223</xmax>
      <ymax>89</ymax>
    </bndbox>
  </object>
  <object>
    <name>5</name>
    <truncated>0</truncated>
    <difficult>0</difficult>
    <occluded>0</occluded>
    <bndbox>
      <xmin>44</xmin>
      <ymin>105</ymin>
      <xmax>142</xmax>
      <ymax>178</ymax>
    </bndbox>
  </object>
  <object>
    <name>7</name>
    <truncated>0</truncated>
    <difficult>0</difficult>
    <occluded>0</occluded>
    <bndbox>
      <xmin>155</xmin>
      <ymin>100</ymin>
      <xmax>223</xmax>
      <ymax>173</ymax>
    </bndbox>
  </object>
</annotation>