<?xml version="1.0" encoding="UTF-8"?>
<annotation>
	<folder>images</folder>
  <filename>130_115.jpg</filename>
	<path>D:\Desktop\maix_train\datasets\number1_8\images\130_115.jpg</path>
  <size>
    <width>224</width>
    <height>224</height>
    <depth>3</depth>
  </size>
  <segmented>0</segmented>
  <object>
    <name>6</name>
    <truncated>0</truncated>
    <difficult>0</difficult>
    <occluded>0</occluded>
    <bndbox>
      <xmin>35</xmin>
      <ymin>26</ymin>
      <xmax>135</xmax>
      <ymax>104</ymax>
    </bndbox>
  </object>
  <object>
    <name>8</name>
    <truncated>0</truncated>
    <difficult>0</difficult>
    <occluded>0</occluded>
    <bndbox>
      <xmin>151</xmin>
      <ymin>28</ymin>
      <xmax>223</xmax>
      <ymax>92</ymax>
    </bndbox>
  </object>
  <object>
    <name>5</name>
    <truncated>0</truncated>
    <difficult>0</difficult>
    <occluded>0</occluded>
    <bndbox>
      <xmin>43</xmin>
      <ymin>111</ymin>
      <xmax>135</xmax>
      <ymax>182</ymax>
    </bndbox>
  </object>
  <object>
    <name>7</name>
    <truncated>0</truncated>
    <difficult>0</difficult>
    <occluded>0</occluded>
    <bndbox>
      <xmin>156</xmin>
      <ymin>105</ymin>
      <xmax>223</xmax>
      <ymax>175</ymax>
    </bndbox>
  </object>
</annotation>