<?xml version="1.0" encoding="UTF-8"?>
<annotation>
	<folder>images</folder>
  <filename>131_117.jpg</filename>
	<path>D:\Desktop\maix_train\datasets\number1_8\images\131_117.jpg</path>
  <size>
    <width>224</width>
    <height>224</height>
    <depth>3</depth>
  </size>
  <segmented>0</segmented>
  <object>
    <name>6</name>
    <truncated>0</truncated>
    <difficult>0</difficult>
    <occluded>0</occluded>
    <bndbox>
      <xmin>26</xmin>
      <ymin>31</ymin>
      <xmax>127</xmax>
      <ymax>103</ymax>
    </bndbox>
  </object>
  <object>
    <name>8</name>
    <truncated>0</truncated>
    <difficult>0</difficult>
    <occluded>0</occluded>
    <bndbox>
      <xmin>142</xmin>
      <ymin>28</ymin>
      <xmax>223</xmax>
      <ymax>103</ymax>
    </bndbox>
  </object>
  <object>
    <name>5</name>
    <truncated>0</truncated>
    <difficult>0</difficult>
    <occluded>0</occluded>
    <bndbox>
      <xmin>35</xmin>
      <ymin>114</ymin>
      <xmax>132</xmax>
      <ymax>185</ymax>
    </bndbox>
  </object>
  <object>
    <name>7</name>
    <truncated>0</truncated>
    <difficult>0</difficult>
    <occluded>0</occluded>
    <bndbox>
      <xmin>155</xmin>
      <ymin>108</ymin>
      <xmax>223</xmax>
      <ymax>183</ymax>
    </bndbox>
  </object>
</annotation>