<?xml version="1.0" encoding="UTF-8"?>
<annotation>
	<folder>images</folder>
  <filename>132_119.jpg</filename>
	<path>D:\Desktop\maix_train\datasets\number1_8\images\132_119.jpg</path>
  <size>
    <width>224</width>
    <height>224</height>
    <depth>3</depth>
  </size>
  <segmented>0</segmented>
  <object>
    <name>6</name>
    <truncated>0</truncated>
    <difficult>0</difficult>
    <occluded>0</occluded>
    <bndbox>
      <xmin>24</xmin>
      <ymin>15</ymin>
      <xmax>137</xmax>
      <ymax>97</ymax>
    </bndbox>
  </object>
  <object>
    <name>8</name>
    <truncated>0</truncated>
    <difficult>0</difficult>
    <occluded>0</occluded>
    <bndbox>
      <xmin>158</xmin>
      <ymin>20</ymin>
      <xmax>223</xmax>
      <ymax>89</ymax>
    </bndbox>
  </object>
  <object>
    <name>5</name>
    <truncated>0</truncated>
    <difficult>0</difficult>
    <occluded>0</occluded>
    <bndbox>
      <xmin>34</xmin>
      <ymin>110</ymin>
      <xmax>139</xmax>
      <ymax>185</ymax>
    </bndbox>
  </object>
  <object>
    <name>7</name>
    <truncated>0</truncated>
    <difficult>0</difficult>
    <occluded>0</occluded>
    <bndbox>
      <xmin>158</xmin>
      <ymin>95</ymin>
      <xmax>223</xmax>
      <ymax>168</ymax>
    </bndbox>
  </object>
</annotation>