<?xml version="1.0" encoding="UTF-8"?>
<annotation>
	<folder>images</folder>
  <filename>137_124.jpg</filename>
	<path>D:\Desktop\maix_train\datasets\number1_8\images\137_124.jpg</path>
  <size>
    <width>224</width>
    <height>224</height>
    <depth>3</depth>
  </size>
  <segmented>0</segmented>
  <object>
    <name>6</name>
    <truncated>0</truncated>
    <difficult>0</difficult>
    <occluded>0</occluded>
    <bndbox>
      <xmin>0</xmin>
      <ymin>14</ymin>
      <xmax>130</xmax>
      <ymax>112</ymax>
    </bndbox>
  </object>
  <object>
    <name>8</name>
    <truncated>0</truncated>
    <difficult>0</difficult>
    <occluded>0</occluded>
    <bndbox>
      <xmin>148</xmin>
      <ymin>20</ymin>
      <xmax>223</xmax>
      <ymax>106</ymax>
    </bndbox>
  </object>
  <object>
    <name>5</name>
    <truncated>0</truncated>
    <difficult>0</difficult>
    <occluded>0</occluded>
    <bndbox>
      <xmin>10</xmin>
      <ymin>126</ymin>
      <xmax>131</xmax>
      <ymax>207</ymax>
    </bndbox>
  </object>
  <object>
    <name>7</name>
    <truncated>0</truncated>
    <difficult>0</difficult>
    <occluded>0</occluded>
    <bndbox>
      <xmin>146</xmin>
      <ymin>112</ymin>
      <xmax>217</xmax>
      <ymax>192</ymax>
    </bndbox>
  </object>
</annotation>