<?xml version="1.0" encoding="UTF-8"?>
<annotation>
	<folder>images</folder>
  <filename>139_126.jpg</filename>
	<path>D:\Desktop\maix_train\datasets\number1_8\images\139_126.jpg</path>
  <size>
    <width>224</width>
    <height>224</height>
    <depth>3</depth>
  </size>
  <segmented>0</segmented>
  <object>
    <name>6</name>
    <truncated>0</truncated>
    <difficult>0</difficult>
    <occluded>0</occluded>
    <bndbox>
      <xmin>0</xmin>
      <ymin>8</ymin>
      <xmax>133</xmax>
      <ymax>107</ymax>
    </bndbox>
  </object>
  <object>
    <name>8</name>
    <truncated>0</truncated>
    <difficult>0</difficult>
    <occluded>0</occluded>
    <bndbox>
      <xmin>160</xmin>
      <ymin>15</ymin>
      <xmax>223</xmax>
      <ymax>104</ymax>
    </bndbox>
  </object>
  <object>
    <name>5</name>
    <truncated>0</truncated>
    <difficult>0</difficult>
    <occluded>0</occluded>
    <bndbox>
      <xmin>6</xmin>
      <ymin>134</ymin>
      <xmax>137</xmax>
      <ymax>210</ymax>
    </bndbox>
  </object>
  <object>
    <name>7</name>
    <truncated>0</truncated>
    <difficult>0</difficult>
    <occluded>0</occluded>
    <bndbox>
      <xmin>160</xmin>
      <ymin>110</ymin>
      <xmax>223</xmax>
      <ymax>196</ymax>
    </bndbox>
  </object>
</annotation>