<?xml version="1.0" encoding="UTF-8"?>
<annotation>
	<folder>images</folder>
  <filename>140_132.jpg</filename>
	<path>D:\Desktop\maix_train\datasets\number1_8\images\140_132.jpg</path>
  <size>
    <width>224</width>
    <height>224</height>
    <depth>3</depth>
  </size>
  <segmented>0</segmented>
  <object>
    <name>6</name>
    <truncated>0</truncated>
    <difficult>0</difficult>
    <occluded>0</occluded>
    <bndbox>
      <xmin>0</xmin>
      <ymin>18</ymin>
      <xmax>131</xmax>
      <ymax>118</ymax>
    </bndbox>
  </object>
  <object>
    <name>8</name>
    <truncated>0</truncated>
    <difficult>0</difficult>
    <occluded>0</occluded>
    <bndbox>
      <xmin>156</xmin>
      <ymin>39</ymin>
      <xmax>223</xmax>
      <ymax>118</ymax>
    </bndbox>
  </object>
  <object>
    <name>5</name>
    <truncated>0</truncated>
    <difficult>0</difficult>
    <occluded>0</occluded>
    <bndbox>
      <xmin>3</xmin>
      <ymin>147</ymin>
      <xmax>119</xmax>
      <ymax>224</ymax>
    </bndbox>
  </object>
  <object>
    <name>7</name>
    <truncated>0</truncated>
    <difficult>0</difficult>
    <occluded>0</occluded>
    <bndbox>
      <xmin>156</xmin>
      <ymin>128</ymin>
      <xmax>223</xmax>
      <ymax>211</ymax>
    </bndbox>
  </object>
</annotation>