<?xml version="1.0" encoding="UTF-8"?>
<annotation>
	<folder>images</folder>
  <filename>145_130.jpg</filename>
	<path>D:\Desktop\maix_train\datasets\number1_8\images\145_130.jpg</path>
  <size>
    <width>224</width>
    <height>224</height>
    <depth>3</depth>
  </size>
  <segmented>0</segmented>
  <object>
    <name>6</name>
    <truncated>0</truncated>
    <difficult>0</difficult>
    <occluded>0</occluded>
    <bndbox>
      <xmin>19</xmin>
      <ymin>26</ymin>
      <xmax>122</xmax>
      <ymax>112</ymax>
    </bndbox>
  </object>
  <object>
    <name>8</name>
    <truncated>0</truncated>
    <difficult>0</difficult>
    <occluded>0</occluded>
    <bndbox>
      <xmin>136</xmin>
      <ymin>49</ymin>
      <xmax>223</xmax>
      <ymax>124</ymax>
    </bndbox>
  </object>
  <object>
    <name>5</name>
    <truncated>0</truncated>
    <difficult>0</difficult>
    <occluded>0</occluded>
    <bndbox>
      <xmin>9</xmin>
      <ymin>115</ymin>
      <xmax>112</xmax>
      <ymax>202</ymax>
    </bndbox>
  </object>
  <object>
    <name>7</name>
    <truncated>0</truncated>
    <difficult>0</difficult>
    <occluded>0</occluded>
    <bndbox>
      <xmin>135</xmin>
      <ymin>131</ymin>
      <xmax>223</xmax>
      <ymax>208</ymax>
    </bndbox>
  </object>
</annotation>