<?xml version="1.0" encoding="UTF-8"?>
<annotation>
	<folder>images</folder>
  <filename>146_131.jpg</filename>
	<path>D:\Desktop\maix_train\datasets\number1_8\images\146_131.jpg</path>
  <size>
    <width>224</width>
    <height>224</height>
    <depth>3</depth>
  </size>
  <segmented>0</segmented>
  <object>
    <name>6</name>
    <truncated>0</truncated>
    <difficult>0</difficult>
    <occluded>0</occluded>
    <bndbox>
      <xmin>28</xmin>
      <ymin>32</ymin>
      <xmax>126</xmax>
      <ymax>113</ymax>
    </bndbox>
  </object>
  <object>
    <name>8</name>
    <truncated>0</truncated>
    <difficult>0</difficult>
    <occluded>0</occluded>
    <bndbox>
      <xmin>144</xmin>
      <ymin>55</ymin>
      <xmax>223</xmax>
      <ymax>114</ymax>
    </bndbox>
  </object>
  <object>
    <name>5</name>
    <truncated>0</truncated>
    <difficult>0</difficult>
    <occluded>0</occluded>
    <bndbox>
      <xmin>13</xmin>
      <ymin>116</ymin>
      <xmax>119</xmax>
      <ymax>202</ymax>
    </bndbox>
  </object>
  <object>
    <name>7</name>
    <truncated>0</truncated>
    <difficult>0</difficult>
    <occluded>0</occluded>
    <bndbox>
      <xmin>135</xmin>
      <ymin>132</ymin>
      <xmax>223</xmax>
      <ymax>206</ymax>
    </bndbox>
  </object>
</annotation>