<?xml version="1.0" encoding="UTF-8"?>
<annotation>
	<folder>images</folder>
  <filename>147_134.jpg</filename>
	<path>D:\Desktop\maix_train\datasets\number1_8\images\147_134.jpg</path>
  <size>
    <width>224</width>
    <height>224</height>
    <depth>3</depth>
  </size>
  <segmented>0</segmented>
  <object>
    <name>6</name>
    <truncated>0</truncated>
    <difficult>0</difficult>
    <occluded>0</occluded>
    <bndbox>
      <xmin>29</xmin>
      <ymin>30</ymin>
      <xmax>137</xmax>
      <ymax>100</ymax>
    </bndbox>
  </object>
  <object>
    <name>8</name>
    <truncated>0</truncated>
    <difficult>0</difficult>
    <occluded>0</occluded>
    <bndbox>
      <xmin>140</xmin>
      <ymin>51</ymin>
      <xmax>223</xmax>
      <ymax>116</ymax>
    </bndbox>
  </object>
  <object>
    <name>5</name>
    <truncated>0</truncated>
    <difficult>0</difficult>
    <occluded>0</occluded>
    <bndbox>
      <xmin>11</xmin>
      <ymin>105</ymin>
      <xmax>110</xmax>
      <ymax>197</ymax>
    </bndbox>
  </object>
  <object>
    <name>7</name>
    <truncated>0</truncated>
    <difficult>0</difficult>
    <occluded>0</occluded>
    <bndbox>
      <xmin>134</xmin>
      <ymin>125</ymin>
      <xmax>223</xmax>
      <ymax>197</ymax>
    </bndbox>
  </object>
</annotation>