<?xml version="1.0" encoding="UTF-8"?>
<annotation>
	<folder>images</folder>
  <filename>149_147.jpg</filename>
	<path>D:\Desktop\maix_train\datasets\number1_8\images\149_147.jpg</path>
  <size>
    <width>224</width>
    <height>224</height>
    <depth>3</depth>
  </size>
  <segmented>0</segmented>
  <object>
    <name>6</name>
    <truncated>0</truncated>
    <difficult>0</difficult>
    <occluded>0</occluded>
    <bndbox>
      <xmin>33</xmin>
      <ymin>12</ymin>
      <xmax>125</xmax>
      <ymax>87</ymax>
    </bndbox>
  </object>
  <object>
    <name>8</name>
    <truncated>0</truncated>
    <difficult>0</difficult>
    <occluded>0</occluded>
    <bndbox>
      <xmin>142</xmin>
      <ymin>47</ymin>
      <xmax>223</xmax>
      <ymax>100</ymax>
    </bndbox>
  </object>
  <object>
    <name>5</name>
    <truncated>0</truncated>
    <difficult>0</difficult>
    <occluded>0</occluded>
    <bndbox>
      <xmin>3</xmin>
      <ymin>82</ymin>
      <xmax>100</xmax>
      <ymax>174</ymax>
    </bndbox>
  </object>
  <object>
    <name>7</name>
    <truncated>0</truncated>
    <difficult>0</difficult>
    <occluded>0</occluded>
    <bndbox>
      <xmin>127</xmin>
      <ymin>117</ymin>
      <xmax>223</xmax>
      <ymax>180</ymax>
    </bndbox>
  </object>
</annotation>