<?xml version="1.0" encoding="UTF-8"?>
<annotation>
	<folder>images</folder>
  <filename>14_51.jpg</filename>
	<path>D:\Desktop\maix_train\datasets\number1_8\images\14_51.jpg</path>
  <size>
    <width>224</width>
    <height>224</height>
    <depth>3</depth>
  </size>
  <segmented>0</segmented>
  <object>
    <name>2</name>
    <truncated>0</truncated>
    <difficult>0</difficult>
    <occluded>0</occluded>
    <bndbox>
      <xmin>0</xmin>
      <ymin>34</ymin>
      <xmax>75</xmax>
      <ymax>121</ymax>
    </bndbox>
  </object>
  <object>
    <name>4</name>
    <truncated>0</truncated>
    <difficult>0</difficult>
    <occluded>0</occluded>
    <bndbox>
      <xmin>88</xmin>
      <ymin>9</ymin>
      <xmax>215</xmax>
      <ymax>110</ymax>
    </bndbox>
  </object>
  <object>
    <name>1</name>
    <truncated>0</truncated>
    <difficult>0</difficult>
    <occluded>0</occluded>
    <bndbox>
      <xmin>5</xmin>
      <ymin>126</ymin>
      <xmax>89</xmax>
      <ymax>214</ymax>
    </bndbox>
  </object>
  <object>
    <name>3</name>
    <truncated>0</truncated>
    <difficult>0</difficult>
    <occluded>0</occluded>
    <bndbox>
      <xmin>92</xmin>
      <ymin>130</ymin>
      <xmax>217</xmax>
      <ymax>208</ymax>
    </bndbox>
  </object>
</annotation>