<?xml version="1.0" encoding="UTF-8"?>
<annotation>
	<folder>images</folder>
  <filename>150_144.jpg</filename>
	<path>D:\Desktop\maix_train\datasets\number1_8\images\150_144.jpg</path>
  <size>
    <width>224</width>
    <height>224</height>
    <depth>3</depth>
  </size>
  <segmented>0</segmented>
  <object>
    <name>6</name>
    <truncated>0</truncated>
    <difficult>0</difficult>
    <occluded>0</occluded>
    <bndbox>
      <xmin>18</xmin>
      <ymin>11</ymin>
      <xmax>103</xmax>
      <ymax>84</ymax>
    </bndbox>
  </object>
  <object>
    <name>8</name>
    <truncated>0</truncated>
    <difficult>0</difficult>
    <occluded>0</occluded>
    <bndbox>
      <xmin>133</xmin>
      <ymin>48</ymin>
      <xmax>212</xmax>
      <ymax>99</ymax>
    </bndbox>
  </object>
  <object>
    <name>5</name>
    <truncated>0</truncated>
    <difficult>0</difficult>
    <occluded>0</occluded>
    <bndbox>
      <xmin>0</xmin>
      <ymin>81</ymin>
      <xmax>86</xmax>
      <ymax>178</ymax>
    </bndbox>
  </object>
  <object>
    <name>7</name>
    <truncated>0</truncated>
    <difficult>0</difficult>
    <occluded>0</occluded>
    <bndbox>
      <xmin>113</xmin>
      <ymin>124</ymin>
      <xmax>217</xmax>
      <ymax>180</ymax>
    </bndbox>
  </object>
</annotation>