<?xml version="1.0" encoding="UTF-8"?>
<annotation>
	<folder>images</folder>
  <filename>151_136.jpg</filename>
	<path>D:\Desktop\maix_train\datasets\number1_8\images\151_136.jpg</path>
  <size>
    <width>224</width>
    <height>224</height>
    <depth>3</depth>
  </size>
  <segmented>0</segmented>
  <object>
    <name>6</name>
    <truncated>0</truncated>
    <difficult>0</difficult>
    <occluded>0</occluded>
    <bndbox>
      <xmin>15</xmin>
      <ymin>12</ymin>
      <xmax>99</xmax>
      <ymax>99</ymax>
    </bndbox>
  </object>
  <object>
    <name>8</name>
    <truncated>0</truncated>
    <difficult>0</difficult>
    <occluded>0</occluded>
    <bndbox>
      <xmin>124</xmin>
      <ymin>46</ymin>
      <xmax>206</xmax>
      <ymax>112</ymax>
    </bndbox>
  </object>
  <object>
    <name>5</name>
    <truncated>0</truncated>
    <difficult>0</difficult>
    <occluded>0</occluded>
    <bndbox>
      <xmin>0</xmin>
      <ymin>101</ymin>
      <xmax>78</xmax>
      <ymax>186</ymax>
    </bndbox>
  </object>
  <object>
    <name>7</name>
    <truncated>0</truncated>
    <difficult>0</difficult>
    <occluded>0</occluded>
    <bndbox>
      <xmin>105</xmin>
      <ymin>122</ymin>
      <xmax>210</xmax>
      <ymax>194</ymax>
    </bndbox>
  </object>
</annotation>