<?xml version="1.0" encoding="UTF-8"?>
<annotation>
	<folder>images</folder>
  <filename>152_140.jpg</filename>
	<path>D:\Desktop\maix_train\datasets\number1_8\images\152_140.jpg</path>
  <size>
    <width>224</width>
    <height>224</height>
    <depth>3</depth>
  </size>
  <segmented>0</segmented>
  <object>
    <name>6</name>
    <truncated>0</truncated>
    <difficult>0</difficult>
    <occluded>0</occluded>
    <bndbox>
      <xmin>15</xmin>
      <ymin>39</ymin>
      <xmax>104</xmax>
      <ymax>98</ymax>
    </bndbox>
  </object>
  <object>
    <name>8</name>
    <truncated>0</truncated>
    <difficult>0</difficult>
    <occluded>0</occluded>
    <bndbox>
      <xmin>117</xmin>
      <ymin>54</ymin>
      <xmax>199</xmax>
      <ymax>108</ymax>
    </bndbox>
  </object>
  <object>
    <name>5</name>
    <truncated>0</truncated>
    <difficult>0</difficult>
    <occluded>0</occluded>
    <bndbox>
      <xmin>0</xmin>
      <ymin>98</ymin>
      <xmax>83</xmax>
      <ymax>177</ymax>
    </bndbox>
  </object>
  <object>
    <name>7</name>
    <truncated>0</truncated>
    <difficult>0</difficult>
    <occluded>0</occluded>
    <bndbox>
      <xmin>105</xmin>
      <ymin>122</ymin>
      <xmax>191</xmax>
      <ymax>181</ymax>
    </bndbox>
  </object>
</annotation>