<?xml version="1.0" encoding="UTF-8"?>
<annotation>
	<folder>images</folder>
  <filename>153_138.jpg</filename>
	<path>D:\Desktop\maix_train\datasets\number1_8\images\153_138.jpg</path>
  <size>
    <width>224</width>
    <height>224</height>
    <depth>3</depth>
  </size>
  <segmented>0</segmented>
  <object>
    <name>6</name>
    <truncated>0</truncated>
    <difficult>0</difficult>
    <occluded>0</occluded>
    <bndbox>
      <xmin>20</xmin>
      <ymin>73</ymin>
      <xmax>93</xmax>
      <ymax>129</ymax>
    </bndbox>
  </object>
  <object>
    <name>8</name>
    <truncated>0</truncated>
    <difficult>0</difficult>
    <occluded>0</occluded>
    <bndbox>
      <xmin>114</xmin>
      <ymin>86</ymin>
      <xmax>190</xmax>
      <ymax>137</ymax>
    </bndbox>
  </object>
  <object>
    <name>5</name>
    <truncated>0</truncated>
    <difficult>0</difficult>
    <occluded>0</occluded>
    <bndbox>
      <xmin>6</xmin>
      <ymin>133</ymin>
      <xmax>86</xmax>
      <ymax>205</ymax>
    </bndbox>
  </object>
  <object>
    <name>7</name>
    <truncated>0</truncated>
    <difficult>0</difficult>
    <occluded>0</occluded>
    <bndbox>
      <xmin>102</xmin>
      <ymin>151</ymin>
      <xmax>193</xmax>
      <ymax>211</ymax>
    </bndbox>
  </object>
</annotation>