<?xml version="1.0" encoding="UTF-8"?>
<annotation>
	<folder>images</folder>
  <filename>155_135.jpg</filename>
	<path>D:\Desktop\maix_train\datasets\number1_8\images\155_135.jpg</path>
  <size>
    <width>224</width>
    <height>224</height>
    <depth>3</depth>
  </size>
  <segmented>0</segmented>
  <object>
    <name>6</name>
    <truncated>0</truncated>
    <difficult>0</difficult>
    <occluded>0</occluded>
    <bndbox>
      <xmin>15</xmin>
      <ymin>59</ymin>
      <xmax>93</xmax>
      <ymax>122</ymax>
    </bndbox>
  </object>
  <object>
    <name>8</name>
    <truncated>0</truncated>
    <difficult>0</difficult>
    <occluded>0</occluded>
    <bndbox>
      <xmin>113</xmin>
      <ymin>76</ymin>
      <xmax>212</xmax>
      <ymax>128</ymax>
    </bndbox>
  </object>
  <object>
    <name>5</name>
    <truncated>0</truncated>
    <difficult>0</difficult>
    <occluded>0</occluded>
    <bndbox>
      <xmin>0</xmin>
      <ymin>127</ymin>
      <xmax>86</xmax>
      <ymax>214</ymax>
    </bndbox>
  </object>
  <object>
    <name>7</name>
    <truncated>0</truncated>
    <difficult>0</difficult>
    <occluded>0</occluded>
    <bndbox>
      <xmin>113</xmin>
      <ymin>144</ymin>
      <xmax>208</xmax>
      <ymax>211</ymax>
    </bndbox>
  </object>
</annotation>