<?xml version="1.0" encoding="UTF-8"?>
<annotation>
	<folder>images</folder>
  <filename>156_142.jpg</filename>
	<path>D:\Desktop\maix_train\datasets\number1_8\images\156_142.jpg</path>
  <size>
    <width>224</width>
    <height>224</height>
    <depth>3</depth>
  </size>
  <segmented>0</segmented>
  <object>
    <name>6</name>
    <truncated>0</truncated>
    <difficult>0</difficult>
    <occluded>0</occluded>
    <bndbox>
      <xmin>9</xmin>
      <ymin>46</ymin>
      <xmax>95</xmax>
      <ymax>106</ymax>
    </bndbox>
  </object>
  <object>
    <name>8</name>
    <truncated>0</truncated>
    <difficult>0</difficult>
    <occluded>0</occluded>
    <bndbox>
      <xmin>123</xmin>
      <ymin>62</ymin>
      <xmax>205</xmax>
      <ymax>115</ymax>
    </bndbox>
  </object>
  <object>
    <name>5</name>
    <truncated>0</truncated>
    <difficult>0</difficult>
    <occluded>0</occluded>
    <bndbox>
      <xmin>0</xmin>
      <ymin>111</ymin>
      <xmax>88</xmax>
      <ymax>185</ymax>
    </bndbox>
  </object>
  <object>
    <name>7</name>
    <truncated>0</truncated>
    <difficult>0</difficult>
    <occluded>0</occluded>
    <bndbox>
      <xmin>101</xmin>
      <ymin>129</ymin>
      <xmax>216</xmax>
      <ymax>196</ymax>
    </bndbox>
  </object>
</annotation>