<?xml version="1.0" encoding="UTF-8"?>
<annotation>
	<folder>images</folder>
  <filename>158_145.jpg</filename>
	<path>D:\Desktop\maix_train\datasets\number1_8\images\158_145.jpg</path>
  <size>
    <width>224</width>
    <height>224</height>
    <depth>3</depth>
  </size>
  <segmented>0</segmented>
  <object>
    <name>6</name>
    <truncated>0</truncated>
    <difficult>0</difficult>
    <occluded>0</occluded>
    <bndbox>
      <xmin>31</xmin>
      <ymin>35</ymin>
      <xmax>115</xmax>
      <ymax>90</ymax>
    </bndbox>
  </object>
  <object>
    <name>8</name>
    <truncated>0</truncated>
    <difficult>0</difficult>
    <occluded>0</occluded>
    <bndbox>
      <xmin>139</xmin>
      <ymin>51</ymin>
      <xmax>223</xmax>
      <ymax>102</ymax>
    </bndbox>
  </object>
  <object>
    <name>5</name>
    <truncated>0</truncated>
    <difficult>0</difficult>
    <occluded>0</occluded>
    <bndbox>
      <xmin>6</xmin>
      <ymin>91</ymin>
      <xmax>108</xmax>
      <ymax>172</ymax>
    </bndbox>
  </object>
  <object>
    <name>7</name>
    <truncated>0</truncated>
    <difficult>0</difficult>
    <occluded>0</occluded>
    <bndbox>
      <xmin>135</xmin>
      <ymin>108</ymin>
      <xmax>223</xmax>
      <ymax>184</ymax>
    </bndbox>
  </object>
</annotation>