<?xml version="1.0" encoding="UTF-8"?>
<annotation>
	<folder>images</folder>
  <filename>159_143.jpg</filename>
	<path>D:\Desktop\maix_train\datasets\number1_8\images\159_143.jpg</path>
  <size>
    <width>224</width>
    <height>224</height>
    <depth>3</depth>
  </size>
  <segmented>0</segmented>
  <object>
    <name>6</name>
    <truncated>0</truncated>
    <difficult>0</difficult>
    <occluded>0</occluded>
    <bndbox>
      <xmin>20</xmin>
      <ymin>29</ymin>
      <xmax>113</xmax>
      <ymax>78</ymax>
    </bndbox>
  </object>
  <object>
    <name>8</name>
    <truncated>0</truncated>
    <difficult>0</difficult>
    <occluded>0</occluded>
    <bndbox>
      <xmin>146</xmin>
      <ymin>39</ymin>
      <xmax>223</xmax>
      <ymax>94</ymax>
    </bndbox>
  </object>
  <object>
    <name>5</name>
    <truncated>0</truncated>
    <difficult>0</difficult>
    <occluded>0</occluded>
    <bndbox>
      <xmin>0</xmin>
      <ymin>84</ymin>
      <xmax>105</xmax>
      <ymax>169</ymax>
    </bndbox>
  </object>
  <object>
    <name>7</name>
    <truncated>0</truncated>
    <difficult>0</difficult>
    <occluded>0</occluded>
    <bndbox>
      <xmin>146</xmin>
      <ymin>96</ymin>
      <xmax>223</xmax>
      <ymax>160</ymax>
    </bndbox>
  </object>
</annotation>