<?xml version="1.0" encoding="UTF-8"?>
<annotation>
	<folder>images</folder>
  <filename>15_52.jpg</filename>
	<path>D:\Desktop\maix_train\datasets\number1_8\images\15_52.jpg</path>
  <size>
    <width>224</width>
    <height>224</height>
    <depth>3</depth>
  </size>
  <segmented>0</segmented>
  <object>
    <name>2</name>
    <truncated>0</truncated>
    <difficult>0</difficult>
    <occluded>0</occluded>
    <bndbox>
      <xmin>0</xmin>
      <ymin>30</ymin>
      <xmax>68</xmax>
      <ymax>112</ymax>
    </bndbox>
  </object>
  <object>
    <name>4</name>
    <truncated>0</truncated>
    <difficult>0</difficult>
    <occluded>0</occluded>
    <bndbox>
      <xmin>81</xmin>
      <ymin>9</ymin>
      <xmax>212</xmax>
      <ymax>115</ymax>
    </bndbox>
  </object>
  <object>
    <name>1</name>
    <truncated>0</truncated>
    <difficult>0</difficult>
    <occluded>0</occluded>
    <bndbox>
      <xmin>1</xmin>
      <ymin>128</ymin>
      <xmax>76</xmax>
      <ymax>202</ymax>
    </bndbox>
  </object>
  <object>
    <name>3</name>
    <truncated>0</truncated>
    <difficult>0</difficult>
    <occluded>0</occluded>
    <bndbox>
      <xmin>94</xmin>
      <ymin>125</ymin>
      <xmax>211</xmax>
      <ymax>213</ymax>
    </bndbox>
  </object>
</annotation>