<?xml version="1.0" encoding="UTF-8"?>
<annotation>
	<folder>images</folder>
  <filename>160_146.jpg</filename>
	<path>D:\Desktop\maix_train\datasets\number1_8\images\160_146.jpg</path>
  <size>
    <width>224</width>
    <height>224</height>
    <depth>3</depth>
  </size>
  <segmented>0</segmented>
  <object>
    <name>6</name>
    <truncated>0</truncated>
    <difficult>0</difficult>
    <occluded>0</occluded>
    <bndbox>
      <xmin>18</xmin>
      <ymin>19</ymin>
      <xmax>111</xmax>
      <ymax>76</ymax>
    </bndbox>
  </object>
  <object>
    <name>8</name>
    <truncated>0</truncated>
    <difficult>0</difficult>
    <occluded>0</occluded>
    <bndbox>
      <xmin>141</xmin>
      <ymin>37</ymin>
      <xmax>216</xmax>
      <ymax>80</ymax>
    </bndbox>
  </object>
  <object>
    <name>5</name>
    <truncated>0</truncated>
    <difficult>0</difficult>
    <occluded>0</occluded>
    <bndbox>
      <xmin>0</xmin>
      <ymin>73</ymin>
      <xmax>97</xmax>
      <ymax>161</ymax>
    </bndbox>
  </object>
  <object>
    <name>7</name>
    <truncated>0</truncated>
    <difficult>0</difficult>
    <occluded>0</occluded>
    <bndbox>
      <xmin>136</xmin>
      <ymin>92</ymin>
      <xmax>223</xmax>
      <ymax>161</ymax>
    </bndbox>
  </object>
</annotation>