<?xml version="1.0" encoding="UTF-8"?>
<annotation>
	<folder>images</folder>
  <filename>162_149.jpg</filename>
	<path>D:\Desktop\maix_train\datasets\number1_8\images\162_149.jpg</path>
  <size>
    <width>224</width>
    <height>224</height>
    <depth>3</depth>
  </size>
  <segmented>0</segmented>
  <object>
    <name>6</name>
    <truncated>0</truncated>
    <difficult>0</difficult>
    <occluded>0</occluded>
    <bndbox>
      <xmin>6</xmin>
      <ymin>10</ymin>
      <xmax>99</xmax>
      <ymax>56</ymax>
    </bndbox>
  </object>
  <object>
    <name>8</name>
    <truncated>0</truncated>
    <difficult>0</difficult>
    <occluded>0</occluded>
    <bndbox>
      <xmin>125</xmin>
      <ymin>28</ymin>
      <xmax>211</xmax>
      <ymax>69</ymax>
    </bndbox>
  </object>
  <object>
    <name>5</name>
    <truncated>0</truncated>
    <difficult>0</difficult>
    <occluded>0</occluded>
    <bndbox>
      <xmin>0</xmin>
      <ymin>61</ymin>
      <xmax>89</xmax>
      <ymax>137</ymax>
    </bndbox>
  </object>
  <object>
    <name>7</name>
    <truncated>0</truncated>
    <difficult>0</difficult>
    <occluded>0</occluded>
    <bndbox>
      <xmin>122</xmin>
      <ymin>76</ymin>
      <xmax>224</xmax>
      <ymax>132</ymax>
    </bndbox>
  </object>
</annotation>