<?xml version="1.0" encoding="UTF-8"?>
<annotation>
	<folder>images</folder>
  <filename>164_151.jpg</filename>
	<path>D:\Desktop\maix_train\datasets\number1_8\images\164_151.jpg</path>
  <size>
    <width>224</width>
    <height>224</height>
    <depth>3</depth>
  </size>
  <segmented>0</segmented>
  <object>
    <name>6</name>
    <truncated>0</truncated>
    <difficult>0</difficult>
    <occluded>0</occluded>
    <bndbox>
      <xmin>13</xmin>
      <ymin>10</ymin>
      <xmax>106</xmax>
      <ymax>49</ymax>
    </bndbox>
  </object>
  <object>
    <name>8</name>
    <truncated>0</truncated>
    <difficult>0</difficult>
    <occluded>0</occluded>
    <bndbox>
      <xmin>126</xmin>
      <ymin>27</ymin>
      <xmax>205</xmax>
      <ymax>61</ymax>
    </bndbox>
  </object>
  <object>
    <name>5</name>
    <truncated>0</truncated>
    <difficult>0</difficult>
    <occluded>0</occluded>
    <bndbox>
      <xmin>0</xmin>
      <ymin>51</ymin>
      <xmax>83</xmax>
      <ymax>115</ymax>
    </bndbox>
  </object>
  <object>
    <name>7</name>
    <truncated>0</truncated>
    <difficult>0</difficult>
    <occluded>0</occluded>
    <bndbox>
      <xmin>127</xmin>
      <ymin>69</ymin>
      <xmax>223</xmax>
      <ymax>116</ymax>
    </bndbox>
  </object>
</annotation>