<?xml version="1.0" encoding="UTF-8"?>
<annotation>
	<folder>images</folder>
  <filename>165_152.jpg</filename>
	<path>D:\Desktop\maix_train\datasets\number1_8\images\165_152.jpg</path>
  <size>
    <width>224</width>
    <height>224</height>
    <depth>3</depth>
  </size>
  <segmented>0</segmented>
  <object>
    <name>6</name>
    <truncated>0</truncated>
    <difficult>0</difficult>
    <occluded>0</occluded>
    <bndbox>
      <xmin>1</xmin>
      <ymin>8</ymin>
      <xmax>99</xmax>
      <ymax>47</ymax>
    </bndbox>
  </object>
  <object>
    <name>8</name>
    <truncated>0</truncated>
    <difficult>0</difficult>
    <occluded>0</occluded>
    <bndbox>
      <xmin>122</xmin>
      <ymin>22</ymin>
      <xmax>222</xmax>
      <ymax>59</ymax>
    </bndbox>
  </object>
  <object>
    <name>5</name>
    <truncated>0</truncated>
    <difficult>0</difficult>
    <occluded>0</occluded>
    <bndbox>
      <xmin>0</xmin>
      <ymin>54</ymin>
      <xmax>84</xmax>
      <ymax>121</ymax>
    </bndbox>
  </object>
  <object>
    <name>7</name>
    <truncated>0</truncated>
    <difficult>0</difficult>
    <occluded>0</occluded>
    <bndbox>
      <xmin>126</xmin>
      <ymin>67</ymin>
      <xmax>223</xmax>
      <ymax>117</ymax>
    </bndbox>
  </object>
</annotation>