<?xml version="1.0" encoding="UTF-8"?>
<annotation>
	<folder>images</folder>
  <filename>166_153.jpg</filename>
	<path>D:\Desktop\maix_train\datasets\number1_8\images\166_153.jpg</path>
  <size>
    <width>224</width>
    <height>224</height>
    <depth>3</depth>
  </size>
  <segmented>0</segmented>
  <object>
    <name>6</name>
    <truncated>0</truncated>
    <difficult>0</difficult>
    <occluded>0</occluded>
    <bndbox>
      <xmin>0</xmin>
      <ymin>12</ymin>
      <xmax>100</xmax>
      <ymax>56</ymax>
    </bndbox>
  </object>
  <object>
    <name>8</name>
    <truncated>0</truncated>
    <difficult>0</difficult>
    <occluded>0</occluded>
    <bndbox>
      <xmin>124</xmin>
      <ymin>27</ymin>
      <xmax>223</xmax>
      <ymax>63</ymax>
    </bndbox>
  </object>
  <object>
    <name>7</name>
    <truncated>0</truncated>
    <difficult>0</difficult>
    <occluded>0</occluded>
    <bndbox>
      <xmin>121</xmin>
      <ymin>73</ymin>
      <xmax>223</xmax>
      <ymax>134</ymax>
    </bndbox>
  </object>
</annotation>