<?xml version="1.0" encoding="UTF-8"?>
<annotation>
	<folder>images</folder>
  <filename>167_154.jpg</filename>
	<path>D:\Desktop\maix_train\datasets\number1_8\images\167_154.jpg</path>
  <size>
    <width>224</width>
    <height>224</height>
    <depth>3</depth>
  </size>
  <segmented>0</segmented>
  <object>
    <name>6</name>
    <truncated>0</truncated>
    <difficult>0</difficult>
    <occluded>0</occluded>
    <bndbox>
      <xmin>0</xmin>
      <ymin>30</ymin>
      <xmax>91</xmax>
      <ymax>119</ymax>
    </bndbox>
  </object>
  <object>
    <name>8</name>
    <truncated>0</truncated>
    <difficult>0</difficult>
    <occluded>0</occluded>
    <bndbox>
      <xmin>115</xmin>
      <ymin>24</ymin>
      <xmax>223</xmax>
      <ymax>103</ymax>
    </bndbox>
  </object>
  <object>
    <name>5</name>
    <truncated>0</truncated>
    <difficult>0</difficult>
    <occluded>0</occluded>
    <bndbox>
      <xmin>0</xmin>
      <ymin>127</ymin>
      <xmax>100</xmax>
      <ymax>181</ymax>
    </bndbox>
  </object>
  <object>
    <name>7</name>
    <truncated>0</truncated>
    <difficult>0</difficult>
    <occluded>0</occluded>
    <bndbox>
      <xmin>116</xmin>
      <ymin>113</ymin>
      <xmax>208</xmax>
      <ymax>162</ymax>
    </bndbox>
  </object>
</annotation>