<?xml version="1.0" encoding="UTF-8"?>
<annotation>
	<folder>images</folder>
  <filename>168_159.jpg</filename>
	<path>D:\Desktop\maix_train\datasets\number1_8\images\168_159.jpg</path>
  <size>
    <width>224</width>
    <height>224</height>
    <depth>3</depth>
  </size>
  <segmented>0</segmented>
  <object>
    <name>6</name>
    <truncated>0</truncated>
    <difficult>0</difficult>
    <occluded>0</occluded>
    <bndbox>
      <xmin>12</xmin>
      <ymin>42</ymin>
      <xmax>109</xmax>
      <ymax>119</ymax>
    </bndbox>
  </object>
  <object>
    <name>8</name>
    <truncated>0</truncated>
    <difficult>0</difficult>
    <occluded>0</occluded>
    <bndbox>
      <xmin>136</xmin>
      <ymin>30</ymin>
      <xmax>223</xmax>
      <ymax>107</ymax>
    </bndbox>
  </object>
  <object>
    <name>5</name>
    <truncated>0</truncated>
    <difficult>0</difficult>
    <occluded>0</occluded>
    <bndbox>
      <xmin>18</xmin>
      <ymin>125</ymin>
      <xmax>112</xmax>
      <ymax>174</ymax>
    </bndbox>
  </object>
  <object>
    <name>7</name>
    <truncated>0</truncated>
    <difficult>0</difficult>
    <occluded>0</occluded>
    <bndbox>
      <xmin>136</xmin>
      <ymin>113</ymin>
      <xmax>218</xmax>
      <ymax>160</ymax>
    </bndbox>
  </object>
</annotation>