<?xml version="1.0" encoding="UTF-8"?>
<annotation>
	<folder>images</folder>
  <filename>169_155.jpg</filename>
	<path>D:\Desktop\maix_train\datasets\number1_8\images\169_155.jpg</path>
  <size>
    <width>224</width>
    <height>224</height>
    <depth>3</depth>
  </size>
  <segmented>0</segmented>
  <object>
    <name>6</name>
    <truncated>0</truncated>
    <difficult>0</difficult>
    <occluded>0</occluded>
    <bndbox>
      <xmin>18</xmin>
      <ymin>47</ymin>
      <xmax>106</xmax>
      <ymax>129</ymax>
    </bndbox>
  </object>
  <object>
    <name>8</name>
    <truncated>0</truncated>
    <difficult>0</difficult>
    <occluded>0</occluded>
    <bndbox>
      <xmin>141</xmin>
      <ymin>39</ymin>
      <xmax>223</xmax>
      <ymax>112</ymax>
    </bndbox>
  </object>
  <object>
    <name>5</name>
    <truncated>0</truncated>
    <difficult>0</difficult>
    <occluded>0</occluded>
    <bndbox>
      <xmin>30</xmin>
      <ymin>129</ymin>
      <xmax>121</xmax>
      <ymax>185</ymax>
    </bndbox>
  </object>
  <object>
    <name>7</name>
    <truncated>0</truncated>
    <difficult>0</difficult>
    <occluded>0</occluded>
    <bndbox>
      <xmin>139</xmin>
      <ymin>118</ymin>
      <xmax>218</xmax>
      <ymax>156</ymax>
    </bndbox>
  </object>
</annotation>