<?xml version="1.0" encoding="UTF-8"?>
<annotation>
	<folder>images</folder>
  <filename>16_53.jpg</filename>
	<path>D:\Desktop\maix_train\datasets\number1_8\images\16_53.jpg</path>
  <size>
    <width>224</width>
    <height>224</height>
    <depth>3</depth>
  </size>
  <segmented>0</segmented>
  <object>
    <name>2</name>
    <truncated>0</truncated>
    <difficult>0</difficult>
    <occluded>0</occluded>
    <bndbox>
      <xmin>0</xmin>
      <ymin>13</ymin>
      <xmax>79</xmax>
      <ymax>101</ymax>
    </bndbox>
  </object>
  <object>
    <name>4</name>
    <truncated>0</truncated>
    <difficult>0</difficult>
    <occluded>0</occluded>
    <bndbox>
      <xmin>97</xmin>
      <ymin>0</ymin>
      <xmax>223</xmax>
      <ymax>107</ymax>
    </bndbox>
  </object>
  <object>
    <name>1</name>
    <truncated>0</truncated>
    <difficult>0</difficult>
    <occluded>0</occluded>
    <bndbox>
      <xmin>11</xmin>
      <ymin>109</ymin>
      <xmax>83</xmax>
      <ymax>184</ymax>
    </bndbox>
  </object>
  <object>
    <name>3</name>
    <truncated>0</truncated>
    <difficult>0</difficult>
    <occluded>0</occluded>
    <bndbox>
      <xmin>103</xmin>
      <ymin>115</ymin>
      <xmax>223</xmax>
      <ymax>203</ymax>
    </bndbox>
  </object>
</annotation>