<?xml version="1.0" encoding="UTF-8"?>
<annotation>
	<folder>images</folder>
  <filename>170_156.jpg</filename>
	<path>D:\Desktop\maix_train\datasets\number1_8\images\170_156.jpg</path>
  <size>
    <width>224</width>
    <height>224</height>
    <depth>3</depth>
  </size>
  <segmented>0</segmented>
  <object>
    <name>6</name>
    <truncated>0</truncated>
    <difficult>0</difficult>
    <occluded>0</occluded>
    <bndbox>
      <xmin>20</xmin>
      <ymin>52</ymin>
      <xmax>110</xmax>
      <ymax>130</ymax>
    </bndbox>
  </object>
  <object>
    <name>8</name>
    <truncated>0</truncated>
    <difficult>0</difficult>
    <occluded>0</occluded>
    <bndbox>
      <xmin>138</xmin>
      <ymin>50</ymin>
      <xmax>223</xmax>
      <ymax>114</ymax>
    </bndbox>
  </object>
  <object>
    <name>5</name>
    <truncated>0</truncated>
    <difficult>0</difficult>
    <occluded>0</occluded>
    <bndbox>
      <xmin>32</xmin>
      <ymin>133</ymin>
      <xmax>113</xmax>
      <ymax>180</ymax>
    </bndbox>
  </object>
  <object>
    <name>7</name>
    <truncated>0</truncated>
    <difficult>0</difficult>
    <occluded>0</occluded>
    <bndbox>
      <xmin>135</xmin>
      <ymin>123</ymin>
      <xmax>214</xmax>
      <ymax>158</ymax>
    </bndbox>
  </object>
</annotation>