<?xml version="1.0" encoding="UTF-8"?>
<annotation>
	<folder>images</folder>
  <filename>172_158.jpg</filename>
	<path>D:\Desktop\maix_train\datasets\number1_8\images\172_158.jpg</path>
  <size>
    <width>224</width>
    <height>224</height>
    <depth>3</depth>
  </size>
  <segmented>0</segmented>
  <object>
    <name>6</name>
    <truncated>0</truncated>
    <difficult>0</difficult>
    <occluded>0</occluded>
    <bndbox>
      <xmin>10</xmin>
      <ymin>76</ymin>
      <xmax>91</xmax>
      <ymax>141</ymax>
    </bndbox>
  </object>
  <object>
    <name>8</name>
    <truncated>0</truncated>
    <difficult>0</difficult>
    <occluded>0</occluded>
    <bndbox>
      <xmin>123</xmin>
      <ymin>55</ymin>
      <xmax>223</xmax>
      <ymax>124</ymax>
    </bndbox>
  </object>
  <object>
    <name>5</name>
    <truncated>0</truncated>
    <difficult>0</difficult>
    <occluded>0</occluded>
    <bndbox>
      <xmin>27</xmin>
      <ymin>134</ymin>
      <xmax>105</xmax>
      <ymax>187</ymax>
    </bndbox>
  </object>
  <object>
    <name>7</name>
    <truncated>0</truncated>
    <difficult>0</difficult>
    <occluded>0</occluded>
    <bndbox>
      <xmin>125</xmin>
      <ymin>129</ymin>
      <xmax>210</xmax>
      <ymax>161</ymax>
    </bndbox>
  </object>
</annotation>