<?xml version="1.0" encoding="UTF-8"?>
<annotation>
	<folder>images</folder>
  <filename>173_160.jpg</filename>
	<path>D:\Desktop\maix_train\datasets\number1_8\images\173_160.jpg</path>
  <size>
    <width>224</width>
    <height>224</height>
    <depth>3</depth>
  </size>
  <segmented>0</segmented>
  <object>
    <name>6</name>
    <truncated>0</truncated>
    <difficult>0</difficult>
    <occluded>0</occluded>
    <bndbox>
      <xmin>9</xmin>
      <ymin>81</ymin>
      <xmax>101</xmax>
      <ymax>138</ymax>
    </bndbox>
  </object>
  <object>
    <name>8</name>
    <truncated>0</truncated>
    <difficult>0</difficult>
    <occluded>0</occluded>
    <bndbox>
      <xmin>137</xmin>
      <ymin>56</ymin>
      <xmax>223</xmax>
      <ymax>122</ymax>
    </bndbox>
  </object>
  <object>
    <name>5</name>
    <truncated>0</truncated>
    <difficult>0</difficult>
    <occluded>0</occluded>
    <bndbox>
      <xmin>30</xmin>
      <ymin>140</ymin>
      <xmax>114</xmax>
      <ymax>188</ymax>
    </bndbox>
  </object>
  <object>
    <name>7</name>
    <truncated>0</truncated>
    <difficult>0</difficult>
    <occluded>0</occluded>
    <bndbox>
      <xmin>126</xmin>
      <ymin>128</ymin>
      <xmax>207</xmax>
      <ymax>162</ymax>
    </bndbox>
  </object>
</annotation>