<?xml version="1.0" encoding="UTF-8"?>
<annotation>
	<folder>images</folder>
  <filename>174_161.jpg</filename>
	<path>D:\Desktop\maix_train\datasets\number1_8\images\174_161.jpg</path>
  <size>
    <width>224</width>
    <height>224</height>
    <depth>3</depth>
  </size>
  <segmented>0</segmented>
  <object>
    <name>6</name>
    <truncated>0</truncated>
    <difficult>0</difficult>
    <occluded>0</occluded>
    <bndbox>
      <xmin>21</xmin>
      <ymin>84</ymin>
      <xmax>102</xmax>
      <ymax>146</ymax>
    </bndbox>
  </object>
  <object>
    <name>8</name>
    <truncated>0</truncated>
    <difficult>0</difficult>
    <occluded>0</occluded>
    <bndbox>
      <xmin>139</xmin>
      <ymin>53</ymin>
      <xmax>221</xmax>
      <ymax>125</ymax>
    </bndbox>
  </object>
  <object>
    <name>5</name>
    <truncated>0</truncated>
    <difficult>0</difficult>
    <occluded>0</occluded>
    <bndbox>
      <xmin>35</xmin>
      <ymin>142</ymin>
      <xmax>111</xmax>
      <ymax>191</ymax>
    </bndbox>
  </object>
  <object>
    <name>7</name>
    <truncated>0</truncated>
    <difficult>0</difficult>
    <occluded>0</occluded>
    <bndbox>
      <xmin>131</xmin>
      <ymin>129</ymin>
      <xmax>209</xmax>
      <ymax>155</ymax>
    </bndbox>
  </object>
</annotation>