<?xml version="1.0" encoding="UTF-8"?>
<annotation>
	<folder>images</folder>
  <filename>175_162.jpg</filename>
	<path>D:\Desktop\maix_train\datasets\number1_8\images\175_162.jpg</path>
  <size>
    <width>224</width>
    <height>224</height>
    <depth>3</depth>
  </size>
  <segmented>0</segmented>
  <object>
    <name>6</name>
    <truncated>0</truncated>
    <difficult>0</difficult>
    <occluded>0</occluded>
    <bndbox>
      <xmin>22</xmin>
      <ymin>90</ymin>
      <xmax>93</xmax>
      <ymax>152</ymax>
    </bndbox>
  </object>
  <object>
    <name>8</name>
    <truncated>0</truncated>
    <difficult>0</difficult>
    <occluded>0</occluded>
    <bndbox>
      <xmin>137</xmin>
      <ymin>60</ymin>
      <xmax>223</xmax>
      <ymax>130</ymax>
    </bndbox>
  </object>
  <object>
    <name>5</name>
    <truncated>0</truncated>
    <difficult>0</difficult>
    <occluded>0</occluded>
    <bndbox>
      <xmin>41</xmin>
      <ymin>146</ymin>
      <xmax>105</xmax>
      <ymax>190</ymax>
    </bndbox>
  </object>
  <object>
    <name>7</name>
    <truncated>0</truncated>
    <difficult>0</difficult>
    <occluded>0</occluded>
    <bndbox>
      <xmin>135</xmin>
      <ymin>134</ymin>
      <xmax>216</xmax>
      <ymax>165</ymax>
    </bndbox>
  </object>
</annotation>