<?xml version="1.0" encoding="UTF-8"?>
<annotation>
	<folder>images</folder>
  <filename>176_163.jpg</filename>
	<path>D:\Desktop\maix_train\datasets\number1_8\images\176_163.jpg</path>
  <size>
    <width>224</width>
    <height>224</height>
    <depth>3</depth>
  </size>
  <segmented>0</segmented>
  <object>
    <name>6</name>
    <truncated>0</truncated>
    <difficult>0</difficult>
    <occluded>0</occluded>
    <bndbox>
      <xmin>20</xmin>
      <ymin>108</ymin>
      <xmax>101</xmax>
      <ymax>162</ymax>
    </bndbox>
  </object>
  <object>
    <name>8</name>
    <truncated>0</truncated>
    <difficult>0</difficult>
    <occluded>0</occluded>
    <bndbox>
      <xmin>144</xmin>
      <ymin>83</ymin>
      <xmax>223</xmax>
      <ymax>141</ymax>
    </bndbox>
  </object>
  <object>
    <name>5</name>
    <truncated>0</truncated>
    <difficult>0</difficult>
    <occluded>0</occluded>
    <bndbox>
      <xmin>40</xmin>
      <ymin>158</ymin>
      <xmax>109</xmax>
      <ymax>198</ymax>
    </bndbox>
  </object>
  <object>
    <name>7</name>
    <truncated>0</truncated>
    <difficult>0</difficult>
    <occluded>0</occluded>
    <bndbox>
      <xmin>135</xmin>
      <ymin>147</ymin>
      <xmax>208</xmax>
      <ymax>176</ymax>
    </bndbox>
  </object>
</annotation>