<?xml version="1.0" encoding="UTF-8"?>
<annotation>
	<folder>images</folder>
  <filename>178_165.jpg</filename>
	<path>D:\Desktop\maix_train\datasets\number1_8\images\178_165.jpg</path>
  <size>
    <width>224</width>
    <height>224</height>
    <depth>3</depth>
  </size>
  <segmented>0</segmented>
  <object>
    <name>6</name>
    <truncated>0</truncated>
    <difficult>0</difficult>
    <occluded>0</occluded>
    <bndbox>
      <xmin>22</xmin>
      <ymin>120</ymin>
      <xmax>107</xmax>
      <ymax>176</ymax>
    </bndbox>
  </object>
  <object>
    <name>8</name>
    <truncated>0</truncated>
    <difficult>0</difficult>
    <occluded>0</occluded>
    <bndbox>
      <xmin>152</xmin>
      <ymin>94</ymin>
      <xmax>223</xmax>
      <ymax>146</ymax>
    </bndbox>
  </object>
  <object>
    <name>5</name>
    <truncated>0</truncated>
    <difficult>0</difficult>
    <occluded>0</occluded>
    <bndbox>
      <xmin>45</xmin>
      <ymin>169</ymin>
      <xmax>119</xmax>
      <ymax>209</ymax>
    </bndbox>
  </object>
  <object>
    <name>7</name>
    <truncated>0</truncated>
    <difficult>0</difficult>
    <occluded>0</occluded>
    <bndbox>
      <xmin>141</xmin>
      <ymin>156</ymin>
      <xmax>197</xmax>
      <ymax>183</ymax>
    </bndbox>
  </object>
</annotation>