<?xml version="1.0" encoding="UTF-8"?>
<annotation>
	<folder>images</folder>
  <filename>179_166.jpg</filename>
	<path>D:\Desktop\maix_train\datasets\number1_8\images\179_166.jpg</path>
  <size>
    <width>224</width>
    <height>224</height>
    <depth>3</depth>
  </size>
  <segmented>0</segmented>
  <object>
    <name>6</name>
    <truncated>0</truncated>
    <difficult>0</difficult>
    <occluded>0</occluded>
    <bndbox>
      <xmin>13</xmin>
      <ymin>124</ymin>
      <xmax>106</xmax>
      <ymax>192</ymax>
    </bndbox>
  </object>
  <object>
    <name>8</name>
    <truncated>0</truncated>
    <difficult>0</difficult>
    <occluded>0</occluded>
    <bndbox>
      <xmin>150</xmin>
      <ymin>97</ymin>
      <xmax>220</xmax>
      <ymax>157</ymax>
    </bndbox>
  </object>
  <object>
    <name>5</name>
    <truncated>0</truncated>
    <difficult>0</difficult>
    <occluded>0</occluded>
    <bndbox>
      <xmin>52</xmin>
      <ymin>180</ymin>
      <xmax>113</xmax>
      <ymax>211</ymax>
    </bndbox>
  </object>
  <object>
    <name>7</name>
    <truncated>0</truncated>
    <difficult>0</difficult>
    <occluded>0</occluded>
    <bndbox>
      <xmin>140</xmin>
      <ymin>161</ymin>
      <xmax>198</xmax>
      <ymax>185</ymax>
    </bndbox>
  </object>
</annotation>