<?xml version="1.0" encoding="UTF-8"?>
<annotation>
	<folder>images</folder>
  <filename>17_54.jpg</filename>
	<path>D:\Desktop\maix_train\datasets\number1_8\images\17_54.jpg</path>
  <size>
    <width>224</width>
    <height>224</height>
    <depth>3</depth>
  </size>
  <segmented>0</segmented>
  <object>
    <name>2</name>
    <truncated>0</truncated>
    <difficult>0</difficult>
    <occluded>0</occluded>
    <bndbox>
      <xmin>1</xmin>
      <ymin>19</ymin>
      <xmax>76</xmax>
      <ymax>101</ymax>
    </bndbox>
  </object>
  <object>
    <name>4</name>
    <truncated>0</truncated>
    <difficult>0</difficult>
    <occluded>0</occluded>
    <bndbox>
      <xmin>102</xmin>
      <ymin>5</ymin>
      <xmax>223</xmax>
      <ymax>101</ymax>
    </bndbox>
  </object>
  <object>
    <name>1</name>
    <truncated>0</truncated>
    <difficult>0</difficult>
    <occluded>0</occluded>
    <bndbox>
      <xmin>8</xmin>
      <ymin>111</ymin>
      <xmax>87</xmax>
      <ymax>186</ymax>
    </bndbox>
  </object>
  <object>
    <name>3</name>
    <truncated>0</truncated>
    <difficult>0</difficult>
    <occluded>0</occluded>
    <bndbox>
      <xmin>103</xmin>
      <ymin>123</ymin>
      <xmax>223</xmax>
      <ymax>202</ymax>
    </bndbox>
  </object>
</annotation>