<?xml version="1.0" encoding="UTF-8"?>
<annotation>
	<folder>images</folder>
  <filename>181_168.jpg</filename>
	<path>D:\Desktop\maix_train\datasets\number1_8\images\181_168.jpg</path>
  <size>
    <width>224</width>
    <height>224</height>
    <depth>3</depth>
  </size>
  <segmented>0</segmented>
  <object>
    <name>6</name>
    <truncated>0</truncated>
    <difficult>0</difficult>
    <occluded>0</occluded>
    <bndbox>
      <xmin>0</xmin>
      <ymin>135</ymin>
      <xmax>76</xmax>
      <ymax>196</ymax>
    </bndbox>
  </object>
  <object>
    <name>8</name>
    <truncated>0</truncated>
    <difficult>0</difficult>
    <occluded>0</occluded>
    <bndbox>
      <xmin>122</xmin>
      <ymin>115</ymin>
      <xmax>208</xmax>
      <ymax>160</ymax>
    </bndbox>
  </object>
  <object>
    <name>5</name>
    <truncated>0</truncated>
    <difficult>0</difficult>
    <occluded>0</occluded>
    <bndbox>
      <xmin>22</xmin>
      <ymin>189</ymin>
      <xmax>87</xmax>
      <ymax>215</ymax>
    </bndbox>
  </object>
  <object>
    <name>7</name>
    <truncated>0</truncated>
    <difficult>0</difficult>
    <occluded>0</occluded>
    <bndbox>
      <xmin>118</xmin>
      <ymin>173</ymin>
      <xmax>186</xmax>
      <ymax>193</ymax>
    </bndbox>
  </object>
</annotation>