<?xml version="1.0" encoding="UTF-8"?>
<annotation>
	<folder>images</folder>
  <filename>182_169.jpg</filename>
	<path>D:\Desktop\maix_train\datasets\number1_8\images\182_169.jpg</path>
  <size>
    <width>224</width>
    <height>224</height>
    <depth>3</depth>
  </size>
  <segmented>0</segmented>
  <object>
    <name>6</name>
    <truncated>0</truncated>
    <difficult>0</difficult>
    <occluded>0</occluded>
    <bndbox>
      <xmin>5</xmin>
      <ymin>141</ymin>
      <xmax>92</xmax>
      <ymax>198</ymax>
    </bndbox>
  </object>
  <object>
    <name>8</name>
    <truncated>0</truncated>
    <difficult>0</difficult>
    <occluded>0</occluded>
    <bndbox>
      <xmin>132</xmin>
      <ymin>112</ymin>
      <xmax>214</xmax>
      <ymax>178</ymax>
    </bndbox>
  </object>
  <object>
    <name>5</name>
    <truncated>0</truncated>
    <difficult>0</difficult>
    <occluded>0</occluded>
    <bndbox>
      <xmin>36</xmin>
      <ymin>184</ymin>
      <xmax>96</xmax>
      <ymax>220</ymax>
    </bndbox>
  </object>
  <object>
    <name>7</name>
    <truncated>0</truncated>
    <difficult>0</difficult>
    <occluded>0</occluded>
    <bndbox>
      <xmin>127</xmin>
      <ymin>178</ymin>
      <xmax>199</xmax>
      <ymax>198</ymax>
    </bndbox>
  </object>
</annotation>