<?xml version="1.0" encoding="UTF-8"?>
<annotation>
	<folder>images</folder>
  <filename>183_170.jpg</filename>
	<path>D:\Desktop\maix_train\datasets\number1_8\images\183_170.jpg</path>
  <size>
    <width>224</width>
    <height>224</height>
    <depth>3</depth>
  </size>
  <segmented>0</segmented>
  <object>
    <name>6</name>
    <truncated>0</truncated>
    <difficult>0</difficult>
    <occluded>0</occluded>
    <bndbox>
      <xmin>4</xmin>
      <ymin>154</ymin>
      <xmax>88</xmax>
      <ymax>205</ymax>
    </bndbox>
  </object>
  <object>
    <name>8</name>
    <truncated>0</truncated>
    <difficult>0</difficult>
    <occluded>0</occluded>
    <bndbox>
      <xmin>119</xmin>
      <ymin>131</ymin>
      <xmax>217</xmax>
      <ymax>193</ymax>
    </bndbox>
  </object>
  <object>
    <name>5</name>
    <truncated>0</truncated>
    <difficult>0</difficult>
    <occluded>0</occluded>
    <bndbox>
      <xmin>38</xmin>
      <ymin>199</ymin>
      <xmax>98</xmax>
      <ymax>223</ymax>
    </bndbox>
  </object>
  <object>
    <name>7</name>
    <truncated>0</truncated>
    <difficult>0</difficult>
    <occluded>0</occluded>
    <bndbox>
      <xmin>128</xmin>
      <ymin>189</ymin>
      <xmax>205</xmax>
      <ymax>207</ymax>
    </bndbox>
  </object>
</annotation>