<?xml version="1.0" encoding="UTF-8"?>
<annotation>
	<folder>images</folder>
  <filename>184_171.jpg</filename>
	<path>D:\Desktop\maix_train\datasets\number1_8\images\184_171.jpg</path>
  <size>
    <width>224</width>
    <height>224</height>
    <depth>3</depth>
  </size>
  <segmented>0</segmented>
  <object>
    <name>6</name>
    <truncated>0</truncated>
    <difficult>0</difficult>
    <occluded>0</occluded>
    <bndbox>
      <xmin>0</xmin>
      <ymin>97</ymin>
      <xmax>98</xmax>
      <ymax>168</ymax>
    </bndbox>
  </object>
  <object>
    <name>8</name>
    <truncated>0</truncated>
    <difficult>0</difficult>
    <occluded>0</occluded>
    <bndbox>
      <xmin>119</xmin>
      <ymin>100</ymin>
      <xmax>223</xmax>
      <ymax>163</ymax>
    </bndbox>
  </object>
  <object>
    <name>5</name>
    <truncated>0</truncated>
    <difficult>0</difficult>
    <occluded>0</occluded>
    <bndbox>
      <xmin>16</xmin>
      <ymin>172</ymin>
      <xmax>99</xmax>
      <ymax>216</ymax>
    </bndbox>
  </object>
  <object>
    <name>7</name>
    <truncated>0</truncated>
    <difficult>0</difficult>
    <occluded>0</occluded>
    <bndbox>
      <xmin>122</xmin>
      <ymin>174</ymin>
      <xmax>212</xmax>
      <ymax>200</ymax>
    </bndbox>
  </object>
</annotation>