<?xml version="1.0" encoding="UTF-8"?>
<annotation>
	<folder>images</folder>
  <filename>187_174.jpg</filename>
	<path>D:\Desktop\maix_train\datasets\number1_8\images\187_174.jpg</path>
  <size>
    <width>224</width>
    <height>224</height>
    <depth>3</depth>
  </size>
  <segmented>0</segmented>
  <object>
    <name>6</name>
    <truncated>0</truncated>
    <difficult>0</difficult>
    <occluded>0</occluded>
    <bndbox>
      <xmin>22</xmin>
      <ymin>25</ymin>
      <xmax>133</xmax>
      <ymax>106</ymax>
    </bndbox>
  </object>
  <object>
    <name>5</name>
    <truncated>0</truncated>
    <difficult>0</difficult>
    <occluded>0</occluded>
    <bndbox>
      <xmin>25</xmin>
      <ymin>115</ymin>
      <xmax>123</xmax>
      <ymax>189</ymax>
    </bndbox>
  </object>
  <object>
    <name>7</name>
    <truncated>0</truncated>
    <difficult>0</difficult>
    <occluded>0</occluded>
    <bndbox>
      <xmin>148</xmin>
      <ymin>122</ymin>
      <xmax>223</xmax>
      <ymax>194</ymax>
    </bndbox>
  </object>
</annotation>