<?xml version="1.0" encoding="UTF-8"?>
<annotation>
	<folder>images</folder>
  <filename>188_175.jpg</filename>
	<path>D:\Desktop\maix_train\datasets\number1_8\images\188_175.jpg</path>
  <size>
    <width>224</width>
    <height>224</height>
    <depth>3</depth>
  </size>
  <segmented>0</segmented>
  <object>
    <name>6</name>
    <truncated>0</truncated>
    <difficult>0</difficult>
    <occluded>0</occluded>
    <bndbox>
      <xmin>7</xmin>
      <ymin>28</ymin>
      <xmax>110</xmax>
      <ymax>117</ymax>
    </bndbox>
  </object>
  <object>
    <name>8</name>
    <truncated>0</truncated>
    <difficult>0</difficult>
    <occluded>0</occluded>
    <bndbox>
      <xmin>130</xmin>
      <ymin>37</ymin>
      <xmax>223</xmax>
      <ymax>111</ymax>
    </bndbox>
  </object>
  <object>
    <name>5</name>
    <truncated>0</truncated>
    <difficult>0</difficult>
    <occluded>0</occluded>
    <bndbox>
      <xmin>11</xmin>
      <ymin>129</ymin>
      <xmax>99</xmax>
      <ymax>199</ymax>
    </bndbox>
  </object>
  <object>
    <name>7</name>
    <truncated>0</truncated>
    <difficult>0</difficult>
    <occluded>0</occluded>
    <bndbox>
      <xmin>130</xmin>
      <ymin>128</ymin>
      <xmax>223</xmax>
      <ymax>206</ymax>
    </bndbox>
  </object>
</annotation>