<?xml version="1.0" encoding="UTF-8"?>
<annotation>
	<folder>images</folder>
  <filename>18_55.jpg</filename>
	<path>D:\Desktop\maix_train\datasets\number1_8\images\18_55.jpg</path>
  <size>
    <width>224</width>
    <height>224</height>
    <depth>3</depth>
  </size>
  <segmented>0</segmented>
  <object>
    <name>2</name>
    <truncated>0</truncated>
    <difficult>0</difficult>
    <occluded>0</occluded>
    <bndbox>
      <xmin>0</xmin>
      <ymin>35</ymin>
      <xmax>79</xmax>
      <ymax>115</ymax>
    </bndbox>
  </object>
  <object>
    <name>4</name>
    <truncated>0</truncated>
    <difficult>0</difficult>
    <occluded>0</occluded>
    <bndbox>
      <xmin>91</xmin>
      <ymin>17</ymin>
      <xmax>224</xmax>
      <ymax>121</ymax>
    </bndbox>
  </object>
  <object>
    <name>1</name>
    <truncated>0</truncated>
    <difficult>0</difficult>
    <occluded>0</occluded>
    <bndbox>
      <xmin>8</xmin>
      <ymin>121</ymin>
      <xmax>86</xmax>
      <ymax>196</ymax>
    </bndbox>
  </object>
  <object>
    <name>3</name>
    <truncated>0</truncated>
    <difficult>0</difficult>
    <occluded>0</occluded>
    <bndbox>
      <xmin>97</xmin>
      <ymin>132</ymin>
      <xmax>219</xmax>
      <ymax>215</ymax>
    </bndbox>
  </object>
</annotation>