<?xml version="1.0" encoding="UTF-8"?>
<annotation>
	<folder>images</folder>
  <filename>190_178.jpg</filename>
	<path>D:\Desktop\maix_train\datasets\number1_8\images\190_178.jpg</path>
  <size>
    <width>224</width>
    <height>224</height>
    <depth>3</depth>
  </size>
  <segmented>0</segmented>
  <object>
    <name>6</name>
    <truncated>0</truncated>
    <difficult>0</difficult>
    <occluded>0</occluded>
    <bndbox>
      <xmin>36</xmin>
      <ymin>37</ymin>
      <xmax>143</xmax>
      <ymax>112</ymax>
    </bndbox>
  </object>
  <object>
    <name>8</name>
    <truncated>0</truncated>
    <difficult>0</difficult>
    <occluded>0</occluded>
    <bndbox>
      <xmin>158</xmin>
      <ymin>42</ymin>
      <xmax>223</xmax>
      <ymax>112</ymax>
    </bndbox>
  </object>
  <object>
    <name>5</name>
    <truncated>0</truncated>
    <difficult>0</difficult>
    <occluded>0</occluded>
    <bndbox>
      <xmin>49</xmin>
      <ymin>121</ymin>
      <xmax>139</xmax>
      <ymax>193</ymax>
    </bndbox>
  </object>
  <object>
    <name>7</name>
    <truncated>0</truncated>
    <difficult>0</difficult>
    <occluded>0</occluded>
    <bndbox>
      <xmin>157</xmin>
      <ymin>122</ymin>
      <xmax>223</xmax>
      <ymax>185</ymax>
    </bndbox>
  </object>
</annotation>