<?xml version="1.0" encoding="UTF-8"?>
<annotation>
	<folder>images</folder>
  <filename>191_200.jpg</filename>
	<path>D:\Desktop\maix_train\datasets\number1_8\images\191_200.jpg</path>
  <size>
    <width>224</width>
    <height>224</height>
    <depth>3</depth>
  </size>
  <segmented>0</segmented>
  <object>
    <name>6</name>
    <truncated>0</truncated>
    <difficult>0</difficult>
    <occluded>0</occluded>
    <bndbox>
      <xmin>83</xmin>
      <ymin>56</ymin>
      <xmax>162</xmax>
      <ymax>115</ymax>
    </bndbox>
  </object>
  <object>
    <name>5</name>
    <truncated>0</truncated>
    <difficult>0</difficult>
    <occluded>0</occluded>
    <bndbox>
      <xmin>84</xmin>
      <ymin>121</ymin>
      <xmax>165</xmax>
      <ymax>176</ymax>
    </bndbox>
  </object>
  <object>
    <name>7</name>
    <truncated>0</truncated>
    <difficult>0</difficult>
    <occluded>0</occluded>
    <bndbox>
      <xmin>180</xmin>
      <ymin>121</ymin>
      <xmax>223</xmax>
      <ymax>172</ymax>
    </bndbox>
  </object>
</annotation>