<?xml version="1.0" encoding="UTF-8"?>
<annotation>
	<folder>images</folder>
  <filename>193_202.jpg</filename>
	<path>D:\Desktop\maix_train\datasets\number1_8\images\193_202.jpg</path>
  <size>
    <width>224</width>
    <height>224</height>
    <depth>3</depth>
  </size>
  <segmented>0</segmented>
  <object>
    <name>6</name>
    <truncated>0</truncated>
    <difficult>0</difficult>
    <occluded>0</occluded>
    <bndbox>
      <xmin>56</xmin>
      <ymin>62</ymin>
      <xmax>128</xmax>
      <ymax>118</ymax>
    </bndbox>
  </object>
  <object>
    <name>8</name>
    <truncated>0</truncated>
    <difficult>0</difficult>
    <occluded>0</occluded>
    <bndbox>
      <xmin>138</xmin>
      <ymin>62</ymin>
      <xmax>208</xmax>
      <ymax>118</ymax>
    </bndbox>
  </object>
  <object>
    <name>5</name>
    <truncated>0</truncated>
    <difficult>0</difficult>
    <occluded>0</occluded>
    <bndbox>
      <xmin>57</xmin>
      <ymin>121</ymin>
      <xmax>127</xmax>
      <ymax>174</ymax>
    </bndbox>
  </object>
  <object>
    <name>7</name>
    <truncated>0</truncated>
    <difficult>0</difficult>
    <occluded>0</occluded>
    <bndbox>
      <xmin>141</xmin>
      <ymin>121</ymin>
      <xmax>202</xmax>
      <ymax>170</ymax>
    </bndbox>
  </object>
</annotation>