<?xml version="1.0" encoding="UTF-8"?>
<annotation>
	<folder>images</folder>
  <filename>194_203.jpg</filename>
	<path>D:\Desktop\maix_train\datasets\number1_8\images\194_203.jpg</path>
  <size>
    <width>224</width>
    <height>224</height>
    <depth>3</depth>
  </size>
  <segmented>0</segmented>
  <object>
    <name>6</name>
    <truncated>0</truncated>
    <difficult>0</difficult>
    <occluded>0</occluded>
    <bndbox>
      <xmin>68</xmin>
      <ymin>64</ymin>
      <xmax>131</xmax>
      <ymax>113</ymax>
    </bndbox>
  </object>
  <object>
    <name>8</name>
    <truncated>0</truncated>
    <difficult>0</difficult>
    <occluded>0</occluded>
    <bndbox>
      <xmin>140</xmin>
      <ymin>60</ymin>
      <xmax>206</xmax>
      <ymax>111</ymax>
    </bndbox>
  </object>
  <object>
    <name>5</name>
    <truncated>0</truncated>
    <difficult>0</difficult>
    <occluded>0</occluded>
    <bndbox>
      <xmin>69</xmin>
      <ymin>118</ymin>
      <xmax>134</xmax>
      <ymax>165</ymax>
    </bndbox>
  </object>
  <object>
    <name>7</name>
    <truncated>0</truncated>
    <difficult>0</difficult>
    <occluded>0</occluded>
    <bndbox>
      <xmin>143</xmin>
      <ymin>117</ymin>
      <xmax>208</xmax>
      <ymax>165</ymax>
    </bndbox>
  </object>
</annotation>