<?xml version="1.0" encoding="UTF-8"?>
<annotation>
	<folder>images</folder>
  <filename>195_177.jpg</filename>
	<path>D:\Desktop\maix_train\datasets\number1_8\images\195_177.jpg</path>
  <size>
    <width>224</width>
    <height>224</height>
    <depth>3</depth>
  </size>
  <segmented>0</segmented>
  <object>
    <name>6</name>
    <truncated>0</truncated>
    <difficult>0</difficult>
    <occluded>0</occluded>
    <bndbox>
      <xmin>75</xmin>
      <ymin>74</ymin>
      <xmax>137</xmax>
      <ymax>120</ymax>
    </bndbox>
  </object>
  <object>
    <name>8</name>
    <truncated>0</truncated>
    <difficult>0</difficult>
    <occluded>0</occluded>
    <bndbox>
      <xmin>146</xmin>
      <ymin>73</ymin>
      <xmax>216</xmax>
      <ymax>114</ymax>
    </bndbox>
  </object>
  <object>
    <name>5</name>
    <truncated>0</truncated>
    <difficult>0</difficult>
    <occluded>0</occluded>
    <bndbox>
      <xmin>80</xmin>
      <ymin>125</ymin>
      <xmax>135</xmax>
      <ymax>172</ymax>
    </bndbox>
  </object>
  <object>
    <name>7</name>
    <truncated>0</truncated>
    <difficult>0</difficult>
    <occluded>0</occluded>
    <bndbox>
      <xmin>155</xmin>
      <ymin>123</ymin>
      <xmax>207</xmax>
      <ymax>170</ymax>
    </bndbox>
  </object>
</annotation>