<?xml version="1.0" encoding="UTF-8"?>
<annotation>
	<folder>images</folder>
  <filename>196_179.jpg</filename>
	<path>D:\Desktop\maix_train\datasets\number1_8\images\196_179.jpg</path>
  <size>
    <width>224</width>
    <height>224</height>
    <depth>3</depth>
  </size>
  <segmented>0</segmented>
  <object>
    <name>6</name>
    <truncated>0</truncated>
    <difficult>0</difficult>
    <occluded>0</occluded>
    <bndbox>
      <xmin>79</xmin>
      <ymin>64</ymin>
      <xmax>141</xmax>
      <ymax>112</ymax>
    </bndbox>
  </object>
  <object>
    <name>8</name>
    <truncated>0</truncated>
    <difficult>0</difficult>
    <occluded>0</occluded>
    <bndbox>
      <xmin>152</xmin>
      <ymin>60</ymin>
      <xmax>210</xmax>
      <ymax>111</ymax>
    </bndbox>
  </object>
  <object>
    <name>5</name>
    <truncated>0</truncated>
    <difficult>0</difficult>
    <occluded>0</occluded>
    <bndbox>
      <xmin>84</xmin>
      <ymin>117</ymin>
      <xmax>139</xmax>
      <ymax>160</ymax>
    </bndbox>
  </object>
  <object>
    <name>7</name>
    <truncated>0</truncated>
    <difficult>0</difficult>
    <occluded>0</occluded>
    <bndbox>
      <xmin>159</xmin>
      <ymin>117</ymin>
      <xmax>208</xmax>
      <ymax>159</ymax>
    </bndbox>
  </object>
</annotation>