<?xml version="1.0" encoding="UTF-8"?>
<annotation>
	<folder>images</folder>
  <filename>197_180.jpg</filename>
	<path>D:\Desktop\maix_train\datasets\number1_8\images\197_180.jpg</path>
  <size>
    <width>224</width>
    <height>224</height>
    <depth>3</depth>
  </size>
  <segmented>0</segmented>
  <object>
    <name>6</name>
    <truncated>0</truncated>
    <difficult>0</difficult>
    <occluded>0</occluded>
    <bndbox>
      <xmin>92</xmin>
      <ymin>65</ymin>
      <xmax>148</xmax>
      <ymax>111</ymax>
    </bndbox>
  </object>
  <object>
    <name>8</name>
    <truncated>0</truncated>
    <difficult>0</difficult>
    <occluded>0</occluded>
    <bndbox>
      <xmin>160</xmin>
      <ymin>64</ymin>
      <xmax>215</xmax>
      <ymax>111</ymax>
    </bndbox>
  </object>
  <object>
    <name>5</name>
    <truncated>0</truncated>
    <difficult>0</difficult>
    <occluded>0</occluded>
    <bndbox>
      <xmin>95</xmin>
      <ymin>116</ymin>
      <xmax>146</xmax>
      <ymax>156</ymax>
    </bndbox>
  </object>
  <object>
    <name>7</name>
    <truncated>0</truncated>
    <difficult>0</difficult>
    <occluded>0</occluded>
    <bndbox>
      <xmin>158</xmin>
      <ymin>116</ymin>
      <xmax>216</xmax>
      <ymax>154</ymax>
    </bndbox>
  </object>
</annotation>