<?xml version="1.0" encoding="UTF-8"?>
<annotation>
	<folder>images</folder>
  <filename>198_181.jpg</filename>
	<path>D:\Desktop\maix_train\datasets\number1_8\images\198_181.jpg</path>
  <size>
    <width>224</width>
    <height>224</height>
    <depth>3</depth>
  </size>
  <segmented>0</segmented>
  <object>
    <name>6</name>
    <truncated>0</truncated>
    <difficult>0</difficult>
    <occluded>0</occluded>
    <bndbox>
      <xmin>86</xmin>
      <ymin>70</ymin>
      <xmax>151</xmax>
      <ymax>116</ymax>
    </bndbox>
  </object>
  <object>
    <name>8</name>
    <truncated>0</truncated>
    <difficult>0</difficult>
    <occluded>0</occluded>
    <bndbox>
      <xmin>152</xmin>
      <ymin>71</ymin>
      <xmax>217</xmax>
      <ymax>116</ymax>
    </bndbox>
  </object>
  <object>
    <name>5</name>
    <truncated>0</truncated>
    <difficult>0</difficult>
    <occluded>0</occluded>
    <bndbox>
      <xmin>95</xmin>
      <ymin>121</ymin>
      <xmax>144</xmax>
      <ymax>159</ymax>
    </bndbox>
  </object>
  <object>
    <name>7</name>
    <truncated>0</truncated>
    <difficult>0</difficult>
    <occluded>0</occluded>
    <bndbox>
      <xmin>160</xmin>
      <ymin>121</ymin>
      <xmax>210</xmax>
      <ymax>158</ymax>
    </bndbox>
  </object>
</annotation>