<?xml version="1.0" encoding="UTF-8"?>
<annotation>
	<folder>images</folder>
  <filename>199_183.jpg</filename>
	<path>D:\Desktop\maix_train\datasets\number1_8\images\199_183.jpg</path>
  <size>
    <width>224</width>
    <height>224</height>
    <depth>3</depth>
  </size>
  <segmented>0</segmented>
  <object>
    <name>6</name>
    <truncated>0</truncated>
    <difficult>0</difficult>
    <occluded>0</occluded>
    <bndbox>
      <xmin>81</xmin>
      <ymin>68</ymin>
      <xmax>139</xmax>
      <ymax>114</ymax>
    </bndbox>
  </object>
  <object>
    <name>8</name>
    <truncated>0</truncated>
    <difficult>0</difficult>
    <occluded>0</occluded>
    <bndbox>
      <xmin>148</xmin>
      <ymin>69</ymin>
      <xmax>205</xmax>
      <ymax>114</ymax>
    </bndbox>
  </object>
  <object>
    <name>5</name>
    <truncated>0</truncated>
    <difficult>0</difficult>
    <occluded>0</occluded>
    <bndbox>
      <xmin>81</xmin>
      <ymin>121</ymin>
      <xmax>142</xmax>
      <ymax>154</ymax>
    </bndbox>
  </object>
  <object>
    <name>7</name>
    <truncated>0</truncated>
    <difficult>0</difficult>
    <occluded>0</occluded>
    <bndbox>
      <xmin>151</xmin>
      <ymin>117</ymin>
      <xmax>202</xmax>
      <ymax>154</ymax>
    </bndbox>
  </object>
</annotation>