<?xml version="1.0" encoding="UTF-8"?>
<annotation>
	<folder>images</folder>
  <filename>200_182.jpg</filename>
	<path>D:\Desktop\maix_train\datasets\number1_8\images\200_182.jpg</path>
  <size>
    <width>224</width>
    <height>224</height>
    <depth>3</depth>
  </size>
  <segmented>0</segmented>
  <object>
    <name>6</name>
    <truncated>0</truncated>
    <difficult>0</difficult>
    <occluded>0</occluded>
    <bndbox>
      <xmin>85</xmin>
      <ymin>65</ymin>
      <xmax>146</xmax>
      <ymax>110</ymax>
    </bndbox>
  </object>
  <object>
    <name>8</name>
    <truncated>0</truncated>
    <difficult>0</difficult>
    <occluded>0</occluded>
    <bndbox>
      <xmin>155</xmin>
      <ymin>65</ymin>
      <xmax>204</xmax>
      <ymax>109</ymax>
    </bndbox>
  </object>
  <object>
    <name>5</name>
    <truncated>0</truncated>
    <difficult>0</difficult>
    <occluded>0</occluded>
    <bndbox>
      <xmin>88</xmin>
      <ymin>113</ymin>
      <xmax>143</xmax>
      <ymax>153</ymax>
    </bndbox>
  </object>
  <object>
    <name>7</name>
    <truncated>0</truncated>
    <difficult>0</difficult>
    <occluded>0</occluded>
    <bndbox>
      <xmin>153</xmin>
      <ymin>111</ymin>
      <xmax>205</xmax>
      <ymax>152</ymax>
    </bndbox>
  </object>
</annotation>