<?xml version="1.0" encoding="UTF-8"?>
<annotation>
	<folder>images</folder>
  <filename>26_63.jpg</filename>
	<path>D:\Desktop\maix_train\datasets\number1_8\images\26_63.jpg</path>
  <size>
    <width>224</width>
    <height>224</height>
    <depth>3</depth>
  </size>
  <segmented>0</segmented>
  <object>
    <name>2</name>
    <truncated>0</truncated>
    <difficult>0</difficult>
    <occluded>0</occluded>
    <bndbox>
      <xmin>0</xmin>
      <ymin>35</ymin>
      <xmax>77</xmax>
      <ymax>116</ymax>
    </bndbox>
  </object>
  <object>
    <name>4</name>
    <truncated>0</truncated>
    <difficult>0</difficult>
    <occluded>0</occluded>
    <bndbox>
      <xmin>90</xmin>
      <ymin>13</ymin>
      <xmax>208</xmax>
      <ymax>116</ymax>
    </bndbox>
  </object>
  <object>
    <name>1</name>
    <truncated>0</truncated>
    <difficult>0</difficult>
    <occluded>0</occluded>
    <bndbox>
      <xmin>6</xmin>
      <ymin>122</ymin>
      <xmax>80</xmax>
      <ymax>200</ymax>
    </bndbox>
  </object>
  <object>
    <name>3</name>
    <truncated>0</truncated>
    <difficult>0</difficult>
    <occluded>0</occluded>
    <bndbox>
      <xmin>95</xmin>
      <ymin>129</ymin>
      <xmax>210</xmax>
      <ymax>211</ymax>
    </bndbox>
  </object>
</annotation>