<?xml version="1.0" encoding="UTF-8"?>
<annotation>
	<folder>images</folder>
  <filename>2_3.jpg</filename>
	<path>D:\Desktop\maix_train\datasets\number1_8\images\2_3.jpg</path>
  <size>
    <width>224</width>
    <height>224</height>
    <depth>3</depth>
  </size>
  <segmented>0</segmented>
  <object>
    <name>2</name>
    <truncated>0</truncated>
    <difficult>0</difficult>
    <occluded>0</occluded>
    <bndbox>
      <xmin>6</xmin>
      <ymin>34</ymin>
      <xmax>96</xmax>
      <ymax>109</ymax>
    </bndbox>
  </object>
  <object>
    <name>4</name>
    <truncated>0</truncated>
    <difficult>0</difficult>
    <occluded>0</occluded>
    <bndbox>
      <xmin>100</xmin>
      <ymin>8</ymin>
      <xmax>215</xmax>
      <ymax>100</ymax>
    </bndbox>
  </object>
  <object>
    <name>1</name>
    <truncated>0</truncated>
    <difficult>0</difficult>
    <occluded>0</occluded>
    <bndbox>
      <xmin>6</xmin>
      <ymin>117</ymin>
      <xmax>87</xmax>
      <ymax>192</ymax>
    </bndbox>
  </object>
  <object>
    <name>3</name>
    <truncated>0</truncated>
    <difficult>0</difficult>
    <occluded>0</occluded>
    <bndbox>
      <xmin>101</xmin>
      <ymin>110</ymin>
      <xmax>211</xmax>
      <ymax>199</ymax>
    </bndbox>
  </object>
</annotation>