<?xml version="1.0" encoding="UTF-8"?>
<annotation>
	<folder>images</folder>
  <filename>32_69.jpg</filename>
	<path>D:\Desktop\maix_train\datasets\number1_8\images\32_69.jpg</path>
  <size>
    <width>224</width>
    <height>224</height>
    <depth>3</depth>
  </size>
  <segmented>0</segmented>
  <object>
    <name>2</name>
    <truncated>0</truncated>
    <difficult>0</difficult>
    <occluded>0</occluded>
    <bndbox>
      <xmin>17</xmin>
      <ymin>36</ymin>
      <xmax>115</xmax>
      <ymax>117</ymax>
    </bndbox>
  </object>
  <object>
    <name>4</name>
    <truncated>0</truncated>
    <difficult>0</difficult>
    <occluded>0</occluded>
    <bndbox>
      <xmin>130</xmin>
      <ymin>33</ymin>
      <xmax>223</xmax>
      <ymax>121</ymax>
    </bndbox>
  </object>
  <object>
    <name>1</name>
    <truncated>0</truncated>
    <difficult>0</difficult>
    <occluded>0</occluded>
    <bndbox>
      <xmin>24</xmin>
      <ymin>126</ymin>
      <xmax>119</xmax>
      <ymax>198</ymax>
    </bndbox>
  </object>
  <object>
    <name>3</name>
    <truncated>0</truncated>
    <difficult>0</difficult>
    <occluded>0</occluded>
    <bndbox>
      <xmin>139</xmin>
      <ymin>125</ymin>
      <xmax>223</xmax>
      <ymax>198</ymax>
    </bndbox>
  </object>
</annotation>