<?xml version="1.0" encoding="UTF-8"?>
<annotation>
	<folder>images</folder>
  <filename>33_70.jpg</filename>
	<path>D:\Desktop\maix_train\datasets\number1_8\images\33_70.jpg</path>
  <size>
    <width>224</width>
    <height>224</height>
    <depth>3</depth>
  </size>
  <segmented>0</segmented>
  <object>
    <name>2</name>
    <truncated>0</truncated>
    <difficult>0</difficult>
    <occluded>0</occluded>
    <bndbox>
      <xmin>2</xmin>
      <ymin>50</ymin>
      <xmax>108</xmax>
      <ymax>133</ymax>
    </bndbox>
  </object>
  <object>
    <name>4</name>
    <truncated>0</truncated>
    <difficult>0</difficult>
    <occluded>0</occluded>
    <bndbox>
      <xmin>122</xmin>
      <ymin>38</ymin>
      <xmax>223</xmax>
      <ymax>130</ymax>
    </bndbox>
  </object>
  <object>
    <name>1</name>
    <truncated>0</truncated>
    <difficult>0</difficult>
    <occluded>0</occluded>
    <bndbox>
      <xmin>12</xmin>
      <ymin>140</ymin>
      <xmax>105</xmax>
      <ymax>213</ymax>
    </bndbox>
  </object>
  <object>
    <name>3</name>
    <truncated>0</truncated>
    <difficult>0</difficult>
    <occluded>0</occluded>
    <bndbox>
      <xmin>126</xmin>
      <ymin>139</ymin>
      <xmax>223</xmax>
      <ymax>207</ymax>
    </bndbox>
  </object>
</annotation>