<?xml version="1.0" encoding="UTF-8"?>
<annotation>
	<folder>images</folder>
  <filename>34_71.jpg</filename>
	<path>D:\Desktop\maix_train\datasets\number1_8\images\34_71.jpg</path>
  <size>
    <width>224</width>
    <height>224</height>
    <depth>3</depth>
  </size>
  <segmented>0</segmented>
  <object>
    <name>2</name>
    <truncated>0</truncated>
    <difficult>0</difficult>
    <occluded>0</occluded>
    <bndbox>
      <xmin>1</xmin>
      <ymin>35</ymin>
      <xmax>107</xmax>
      <ymax>125</ymax>
    </bndbox>
  </object>
  <object>
    <name>4</name>
    <truncated>0</truncated>
    <difficult>0</difficult>
    <occluded>0</occluded>
    <bndbox>
      <xmin>128</xmin>
      <ymin>34</ymin>
      <xmax>223</xmax>
      <ymax>126</ymax>
    </bndbox>
  </object>
  <object>
    <name>1</name>
    <truncated>0</truncated>
    <difficult>0</difficult>
    <occluded>0</occluded>
    <bndbox>
      <xmin>8</xmin>
      <ymin>133</ymin>
      <xmax>107</xmax>
      <ymax>211</ymax>
    </bndbox>
  </object>
  <object>
    <name>3</name>
    <truncated>0</truncated>
    <difficult>0</difficult>
    <occluded>0</occluded>
    <bndbox>
      <xmin>132</xmin>
      <ymin>131</ymin>
      <xmax>223</xmax>
      <ymax>206</ymax>
    </bndbox>
  </object>
</annotation>