<?xml version="1.0" encoding="UTF-8"?>
<annotation>
	<folder>images</folder>
  <filename>36_74.jpg</filename>
	<path>D:\Desktop\maix_train\datasets\number1_8\images\36_74.jpg</path>
  <size>
    <width>224</width>
    <height>224</height>
    <depth>3</depth>
  </size>
  <segmented>0</segmented>
  <object>
    <name>2</name>
    <truncated>0</truncated>
    <difficult>0</difficult>
    <occluded>0</occluded>
    <bndbox>
      <xmin>0</xmin>
      <ymin>35</ymin>
      <xmax>117</xmax>
      <ymax>124</ymax>
    </bndbox>
  </object>
  <object>
    <name>4</name>
    <truncated>0</truncated>
    <difficult>0</difficult>
    <occluded>0</occluded>
    <bndbox>
      <xmin>137</xmin>
      <ymin>43</ymin>
      <xmax>223</xmax>
      <ymax>122</ymax>
    </bndbox>
  </object>
  <object>
    <name>1</name>
    <truncated>0</truncated>
    <difficult>0</difficult>
    <occluded>0</occluded>
    <bndbox>
      <xmin>2</xmin>
      <ymin>140</ymin>
      <xmax>111</xmax>
      <ymax>215</ymax>
    </bndbox>
  </object>
  <object>
    <name>3</name>
    <truncated>0</truncated>
    <difficult>0</difficult>
    <occluded>0</occluded>
    <bndbox>
      <xmin>139</xmin>
      <ymin>138</ymin>
      <xmax>223</xmax>
      <ymax>205</ymax>
    </bndbox>
  </object>
</annotation>