<?xml version="1.0" encoding="UTF-8"?>
<annotation>
	<folder>images</folder>
  <filename>38_75.jpg</filename>
	<path>D:\Desktop\maix_train\datasets\number1_8\images\38_75.jpg</path>
  <size>
    <width>224</width>
    <height>224</height>
    <depth>3</depth>
  </size>
  <segmented>0</segmented>
  <object>
    <name>2</name>
    <truncated>0</truncated>
    <difficult>0</difficult>
    <occluded>0</occluded>
    <bndbox>
      <xmin>0</xmin>
      <ymin>42</ymin>
      <xmax>109</xmax>
      <ymax>129</ymax>
    </bndbox>
  </object>
  <object>
    <name>4</name>
    <truncated>0</truncated>
    <difficult>0</difficult>
    <occluded>0</occluded>
    <bndbox>
      <xmin>133</xmin>
      <ymin>40</ymin>
      <xmax>223</xmax>
      <ymax>127</ymax>
    </bndbox>
  </object>
  <object>
    <name>1</name>
    <truncated>0</truncated>
    <difficult>0</difficult>
    <occluded>0</occluded>
    <bndbox>
      <xmin>0</xmin>
      <ymin>146</ymin>
      <xmax>120</xmax>
      <ymax>222</ymax>
    </bndbox>
  </object>
  <object>
    <name>3</name>
    <truncated>0</truncated>
    <difficult>0</difficult>
    <occluded>0</occluded>
    <bndbox>
      <xmin>134</xmin>
      <ymin>146</ymin>
      <xmax>223</xmax>
      <ymax>210</ymax>
    </bndbox>
  </object>
</annotation>