<?xml version="1.0" encoding="UTF-8"?>
<annotation>
	<folder>images</folder>
  <filename>39_77.jpg</filename>
	<path>D:\Desktop\maix_train\datasets\number1_8\images\39_77.jpg</path>
  <size>
    <width>224</width>
    <height>224</height>
    <depth>3</depth>
  </size>
  <segmented>0</segmented>
  <object>
    <name>2</name>
    <truncated>0</truncated>
    <difficult>0</difficult>
    <occluded>0</occluded>
    <bndbox>
      <xmin>0</xmin>
      <ymin>40</ymin>
      <xmax>118</xmax>
      <ymax>126</ymax>
    </bndbox>
  </object>
  <object>
    <name>4</name>
    <truncated>0</truncated>
    <difficult>0</difficult>
    <occluded>0</occluded>
    <bndbox>
      <xmin>137</xmin>
      <ymin>37</ymin>
      <xmax>223</xmax>
      <ymax>124</ymax>
    </bndbox>
  </object>
  <object>
    <name>1</name>
    <truncated>0</truncated>
    <difficult>0</difficult>
    <occluded>0</occluded>
    <bndbox>
      <xmin>4</xmin>
      <ymin>138</ymin>
      <xmax>112</xmax>
      <ymax>219</ymax>
    </bndbox>
  </object>
  <object>
    <name>3</name>
    <truncated>0</truncated>
    <difficult>0</difficult>
    <occluded>0</occluded>
    <bndbox>
      <xmin>135</xmin>
      <ymin>137</ymin>
      <xmax>223</xmax>
      <ymax>213</ymax>
    </bndbox>
  </object>
</annotation>