<?xml version="1.0" encoding="UTF-8"?>
<annotation>
	<folder>images</folder>
  <filename>40_76.jpg</filename>
	<path>D:\Desktop\maix_train\datasets\number1_8\images\40_76.jpg</path>
  <size>
    <width>224</width>
    <height>224</height>
    <depth>3</depth>
  </size>
  <segmented>0</segmented>
  <object>
    <name>2</name>
    <truncated>0</truncated>
    <difficult>0</difficult>
    <occluded>0</occluded>
    <bndbox>
      <xmin>13</xmin>
      <ymin>46</ymin>
      <xmax>73</xmax>
      <ymax>117</ymax>
    </bndbox>
  </object>
  <object>
    <name>4</name>
    <truncated>0</truncated>
    <difficult>0</difficult>
    <occluded>0</occluded>
    <bndbox>
      <xmin>83</xmin>
      <ymin>36</ymin>
      <xmax>173</xmax>
      <ymax>113</ymax>
    </bndbox>
  </object>
  <object>
    <name>1</name>
    <truncated>0</truncated>
    <difficult>0</difficult>
    <occluded>0</occluded>
    <bndbox>
      <xmin>23</xmin>
      <ymin>121</ymin>
      <xmax>69</xmax>
      <ymax>186</ymax>
    </bndbox>
  </object>
  <object>
    <name>3</name>
    <truncated>0</truncated>
    <difficult>0</difficult>
    <occluded>0</occluded>
    <bndbox>
      <xmin>79</xmin>
      <ymin>127</ymin>
      <xmax>176</xmax>
      <ymax>212</ymax>
    </bndbox>
  </object>
</annotation>