<?xml version="1.0" encoding="UTF-8"?>
<annotation>
	<folder>images</folder>
  <filename>43_79.jpg</filename>
	<path>D:\Desktop\maix_train\datasets\number1_8\images\43_79.jpg</path>
  <size>
    <width>224</width>
    <height>224</height>
    <depth>3</depth>
  </size>
  <segmented>0</segmented>
  <object>
    <name>2</name>
    <truncated>0</truncated>
    <difficult>0</difficult>
    <occluded>0</occluded>
    <bndbox>
      <xmin>5</xmin>
      <ymin>35</ymin>
      <xmax>47</xmax>
      <ymax>107</ymax>
    </bndbox>
  </object>
  <object>
    <name>4</name>
    <truncated>0</truncated>
    <difficult>0</difficult>
    <occluded>0</occluded>
    <bndbox>
      <xmin>60</xmin>
      <ymin>11</ymin>
      <xmax>157</xmax>
      <ymax>108</ymax>
    </bndbox>
  </object>
  <object>
    <name>1</name>
    <truncated>0</truncated>
    <difficult>0</difficult>
    <occluded>0</occluded>
    <bndbox>
      <xmin>5</xmin>
      <ymin>117</ymin>
      <xmax>57</xmax>
      <ymax>187</ymax>
    </bndbox>
  </object>
  <object>
    <name>3</name>
    <truncated>0</truncated>
    <difficult>0</difficult>
    <occluded>0</occluded>
    <bndbox>
      <xmin>62</xmin>
      <ymin>124</ymin>
      <xmax>165</xmax>
      <ymax>216</ymax>
    </bndbox>
  </object>
</annotation>