<?xml version="1.0" encoding="UTF-8"?>
<annotation>
	<folder>images</folder>
  <filename>44_81.jpg</filename>
	<path>D:\Desktop\maix_train\datasets\number1_8\images\44_81.jpg</path>
  <size>
    <width>224</width>
    <height>224</height>
    <depth>3</depth>
  </size>
  <segmented>0</segmented>
  <object>
    <name>2</name>
    <truncated>0</truncated>
    <difficult>0</difficult>
    <occluded>0</occluded>
    <bndbox>
      <xmin>0</xmin>
      <ymin>40</ymin>
      <xmax>43</xmax>
      <ymax>107</ymax>
    </bndbox>
  </object>
  <object>
    <name>4</name>
    <truncated>0</truncated>
    <difficult>0</difficult>
    <occluded>0</occluded>
    <bndbox>
      <xmin>46</xmin>
      <ymin>5</ymin>
      <xmax>157</xmax>
      <ymax>107</ymax>
    </bndbox>
  </object>
  <object>
    <name>1</name>
    <truncated>0</truncated>
    <difficult>0</difficult>
    <occluded>0</occluded>
    <bndbox>
      <xmin>0</xmin>
      <ymin>122</ymin>
      <xmax>53</xmax>
      <ymax>195</ymax>
    </bndbox>
  </object>
  <object>
    <name>3</name>
    <truncated>0</truncated>
    <difficult>0</difficult>
    <occluded>0</occluded>
    <bndbox>
      <xmin>49</xmin>
      <ymin>123</ymin>
      <xmax>164</xmax>
      <ymax>223</ymax>
    </bndbox>
  </object>
</annotation>