<?xml version="1.0" encoding="UTF-8"?>
<annotation>
	<folder>images</folder>
  <filename>45_186.jpg</filename>
	<path>D:\Desktop\maix_train\datasets\number1_8\images\45_186.jpg</path>
  <size>
    <width>224</width>
    <height>224</height>
    <depth>3</depth>
  </size>
  <segmented>0</segmented>
  <object>
    <name>2</name>
    <truncated>0</truncated>
    <difficult>0</difficult>
    <occluded>0</occluded>
    <bndbox>
      <xmin>0</xmin>
      <ymin>28</ymin>
      <xmax>45</xmax>
      <ymax>112</ymax>
    </bndbox>
  </object>
  <object>
    <name>4</name>
    <truncated>0</truncated>
    <difficult>0</difficult>
    <occluded>0</occluded>
    <bndbox>
      <xmin>53</xmin>
      <ymin>3</ymin>
      <xmax>160</xmax>
      <ymax>120</ymax>
    </bndbox>
  </object>
  <object>
    <name>1</name>
    <truncated>0</truncated>
    <difficult>0</difficult>
    <occluded>0</occluded>
    <bndbox>
      <xmin>10</xmin>
      <ymin>124</ymin>
      <xmax>50</xmax>
      <ymax>190</ymax>
    </bndbox>
  </object>
  <object>
    <name>3</name>
    <truncated>0</truncated>
    <difficult>0</difficult>
    <occluded>0</occluded>
    <bndbox>
      <xmin>62</xmin>
      <ymin>132</ymin>
      <xmax>161</xmax>
      <ymax>207</ymax>
    </bndbox>
  </object>
</annotation>