<?xml version="1.0" encoding="UTF-8"?>
<annotation>
	<folder>images</folder>
  <filename>46_82.jpg</filename>
	<path>D:\Desktop\maix_train\datasets\number1_8\images\46_82.jpg</path>
  <size>
    <width>224</width>
    <height>224</height>
    <depth>3</depth>
  </size>
  <segmented>0</segmented>
  <object>
    <name>2</name>
    <truncated>0</truncated>
    <difficult>0</difficult>
    <occluded>0</occluded>
    <bndbox>
      <xmin>5</xmin>
      <ymin>39</ymin>
      <xmax>58</xmax>
      <ymax>112</ymax>
    </bndbox>
  </object>
  <object>
    <name>4</name>
    <truncated>0</truncated>
    <difficult>0</difficult>
    <occluded>0</occluded>
    <bndbox>
      <xmin>60</xmin>
      <ymin>10</ymin>
      <xmax>174</xmax>
      <ymax>121</ymax>
    </bndbox>
  </object>
  <object>
    <name>1</name>
    <truncated>0</truncated>
    <difficult>0</difficult>
    <occluded>0</occluded>
    <bndbox>
      <xmin>6</xmin>
      <ymin>121</ymin>
      <xmax>68</xmax>
      <ymax>192</ymax>
    </bndbox>
  </object>
  <object>
    <name>3</name>
    <truncated>0</truncated>
    <difficult>0</difficult>
    <occluded>0</occluded>
    <bndbox>
      <xmin>63</xmin>
      <ymin>121</ymin>
      <xmax>170</xmax>
      <ymax>224</ymax>
    </bndbox>
  </object>
</annotation>