<?xml version="1.0" encoding="UTF-8"?>
<annotation>
	<folder>images</folder>
  <filename>47_83.jpg</filename>
	<path>D:\Desktop\maix_train\datasets\number1_8\images\47_83.jpg</path>
  <size>
    <width>224</width>
    <height>224</height>
    <depth>3</depth>
  </size>
  <segmented>0</segmented>
  <object>
    <name>2</name>
    <truncated>0</truncated>
    <difficult>0</difficult>
    <occluded>0</occluded>
    <bndbox>
      <xmin>3</xmin>
      <ymin>42</ymin>
      <xmax>53</xmax>
      <ymax>115</ymax>
    </bndbox>
  </object>
  <object>
    <name>4</name>
    <truncated>0</truncated>
    <difficult>0</difficult>
    <occluded>0</occluded>
    <bndbox>
      <xmin>59</xmin>
      <ymin>15</ymin>
      <xmax>177</xmax>
      <ymax>120</ymax>
    </bndbox>
  </object>
  <object>
    <name>1</name>
    <truncated>0</truncated>
    <difficult>0</difficult>
    <occluded>0</occluded>
    <bndbox>
      <xmin>8</xmin>
      <ymin>122</ymin>
      <xmax>65</xmax>
      <ymax>195</ymax>
    </bndbox>
  </object>
  <object>
    <name>3</name>
    <truncated>0</truncated>
    <difficult>0</difficult>
    <occluded>0</occluded>
    <bndbox>
      <xmin>68</xmin>
      <ymin>133</ymin>
      <xmax>181</xmax>
      <ymax>223</ymax>
    </bndbox>
  </object>
</annotation>