<?xml version="1.0" encoding="UTF-8"?>
<annotation>
	<folder>images</folder>
  <filename>48_84.jpg</filename>
	<path>D:\Desktop\maix_train\datasets\number1_8\images\48_84.jpg</path>
  <size>
    <width>224</width>
    <height>224</height>
    <depth>3</depth>
  </size>
  <segmented>0</segmented>
  <object>
    <name>2</name>
    <truncated>0</truncated>
    <difficult>0</difficult>
    <occluded>0</occluded>
    <bndbox>
      <xmin>0</xmin>
      <ymin>40</ymin>
      <xmax>57</xmax>
      <ymax>120</ymax>
    </bndbox>
  </object>
  <object>
    <name>4</name>
    <truncated>0</truncated>
    <difficult>0</difficult>
    <occluded>0</occluded>
    <bndbox>
      <xmin>60</xmin>
      <ymin>23</ymin>
      <xmax>180</xmax>
      <ymax>116</ymax>
    </bndbox>
  </object>
  <object>
    <name>1</name>
    <truncated>0</truncated>
    <difficult>0</difficult>
    <occluded>0</occluded>
    <bndbox>
      <xmin>7</xmin>
      <ymin>123</ymin>
      <xmax>74</xmax>
      <ymax>194</ymax>
    </bndbox>
  </object>
  <object>
    <name>3</name>
    <truncated>0</truncated>
    <difficult>0</difficult>
    <occluded>0</occluded>
    <bndbox>
      <xmin>72</xmin>
      <ymin>134</ymin>
      <xmax>174</xmax>
      <ymax>223</ymax>
    </bndbox>
  </object>
</annotation>