<?xml version="1.0" encoding="UTF-8"?>
<annotation>
	<folder>images</folder>
  <filename>49_85.jpg</filename>
	<path>D:\Desktop\maix_train\datasets\number1_8\images\49_85.jpg</path>
  <size>
    <width>224</width>
    <height>224</height>
    <depth>3</depth>
  </size>
  <segmented>0</segmented>
  <object>
    <name>2</name>
    <truncated>0</truncated>
    <difficult>0</difficult>
    <occluded>0</occluded>
    <bndbox>
      <xmin>0</xmin>
      <ymin>52</ymin>
      <xmax>64</xmax>
      <ymax>134</ymax>
    </bndbox>
  </object>
  <object>
    <name>4</name>
    <truncated>0</truncated>
    <difficult>0</difficult>
    <occluded>0</occluded>
    <bndbox>
      <xmin>70</xmin>
      <ymin>38</ymin>
      <xmax>168</xmax>
      <ymax>137</ymax>
    </bndbox>
  </object>
  <object>
    <name>1</name>
    <truncated>0</truncated>
    <difficult>0</difficult>
    <occluded>0</occluded>
    <bndbox>
      <xmin>12</xmin>
      <ymin>132</ymin>
      <xmax>73</xmax>
      <ymax>208</ymax>
    </bndbox>
  </object>
  <object>
    <name>3</name>
    <truncated>0</truncated>
    <difficult>0</difficult>
    <occluded>0</occluded>
    <bndbox>
      <xmin>74</xmin>
      <ymin>150</ymin>
      <xmax>198</xmax>
      <ymax>223</ymax>
    </bndbox>
  </object>
</annotation>