<?xml version="1.0" encoding="UTF-8"?>
<annotation>
	<folder>images</folder>
  <filename>4_16.jpg</filename>
	<path>D:\Desktop\maix_train\datasets\number1_8\images\4_16.jpg</path>
  <size>
    <width>224</width>
    <height>224</height>
    <depth>3</depth>
  </size>
  <segmented>0</segmented>
  <object>
    <name>2</name>
    <truncated>0</truncated>
    <difficult>0</difficult>
    <occluded>0</occluded>
    <bndbox>
      <xmin>10</xmin>
      <ymin>36</ymin>
      <xmax>85</xmax>
      <ymax>103</ymax>
    </bndbox>
  </object>
  <object>
    <name>4</name>
    <truncated>0</truncated>
    <difficult>0</difficult>
    <occluded>0</occluded>
    <bndbox>
      <xmin>103</xmin>
      <ymin>2</ymin>
      <xmax>222</xmax>
      <ymax>100</ymax>
    </bndbox>
  </object>
  <object>
    <name>1</name>
    <truncated>0</truncated>
    <difficult>0</difficult>
    <occluded>0</occluded>
    <bndbox>
      <xmin>14</xmin>
      <ymin>112</ymin>
      <xmax>87</xmax>
      <ymax>192</ymax>
    </bndbox>
  </object>
  <object>
    <name>3</name>
    <truncated>0</truncated>
    <difficult>0</difficult>
    <occluded>0</occluded>
    <bndbox>
      <xmin>101</xmin>
      <ymin>112</ymin>
      <xmax>214</xmax>
      <ymax>197</ymax>
    </bndbox>
  </object>
</annotation>