<?xml version="1.0" encoding="UTF-8"?>
<annotation>
	<folder>images</folder>
  <filename>50_86.jpg</filename>
	<path>D:\Desktop\maix_train\datasets\number1_8\images\50_86.jpg</path>
  <size>
    <width>224</width>
    <height>224</height>
    <depth>3</depth>
  </size>
  <segmented>0</segmented>
  <object>
    <name>2</name>
    <truncated>0</truncated>
    <difficult>0</difficult>
    <occluded>0</occluded>
    <bndbox>
      <xmin>0</xmin>
      <ymin>56</ymin>
      <xmax>62</xmax>
      <ymax>128</ymax>
    </bndbox>
  </object>
  <object>
    <name>4</name>
    <truncated>0</truncated>
    <difficult>0</difficult>
    <occluded>0</occluded>
    <bndbox>
      <xmin>62</xmin>
      <ymin>30</ymin>
      <xmax>176</xmax>
      <ymax>136</ymax>
    </bndbox>
  </object>
  <object>
    <name>1</name>
    <truncated>0</truncated>
    <difficult>0</difficult>
    <occluded>0</occluded>
    <bndbox>
      <xmin>16</xmin>
      <ymin>130</ymin>
      <xmax>78</xmax>
      <ymax>198</ymax>
    </bndbox>
  </object>
  <object>
    <name>3</name>
    <truncated>0</truncated>
    <difficult>0</difficult>
    <occluded>0</occluded>
    <bndbox>
      <xmin>81</xmin>
      <ymin>146</ymin>
      <xmax>189</xmax>
      <ymax>223</ymax>
    </bndbox>
  </object>
</annotation>