<?xml version="1.0" encoding="UTF-8"?>
<annotation>
	<folder>images</folder>
  <filename>51_87.jpg</filename>
	<path>D:\Desktop\maix_train\datasets\number1_8\images\51_87.jpg</path>
  <size>
    <width>224</width>
    <height>224</height>
    <depth>3</depth>
  </size>
  <segmented>0</segmented>
  <object>
    <name>2</name>
    <truncated>0</truncated>
    <difficult>0</difficult>
    <occluded>0</occluded>
    <bndbox>
      <xmin>2</xmin>
      <ymin>43</ymin>
      <xmax>57</xmax>
      <ymax>118</ymax>
    </bndbox>
  </object>
  <object>
    <name>4</name>
    <truncated>0</truncated>
    <difficult>0</difficult>
    <occluded>0</occluded>
    <bndbox>
      <xmin>69</xmin>
      <ymin>19</ymin>
      <xmax>167</xmax>
      <ymax>130</ymax>
    </bndbox>
  </object>
  <object>
    <name>1</name>
    <truncated>0</truncated>
    <difficult>0</difficult>
    <occluded>0</occluded>
    <bndbox>
      <xmin>17</xmin>
      <ymin>121</ymin>
      <xmax>75</xmax>
      <ymax>193</ymax>
    </bndbox>
  </object>
  <object>
    <name>3</name>
    <truncated>0</truncated>
    <difficult>0</difficult>
    <occluded>0</occluded>
    <bndbox>
      <xmin>78</xmin>
      <ymin>139</ymin>
      <xmax>189</xmax>
      <ymax>223</ymax>
    </bndbox>
  </object>
</annotation>