<?xml version="1.0" encoding="UTF-8"?>
<annotation>
	<folder>images</folder>
  <filename>52_88.jpg</filename>
	<path>D:\Desktop\maix_train\datasets\number1_8\images\52_88.jpg</path>
  <size>
    <width>224</width>
    <height>224</height>
    <depth>3</depth>
  </size>
  <segmented>0</segmented>
  <object>
    <name>2</name>
    <truncated>0</truncated>
    <difficult>0</difficult>
    <occluded>0</occluded>
    <bndbox>
      <xmin>12</xmin>
      <ymin>42</ymin>
      <xmax>69</xmax>
      <ymax>124</ymax>
    </bndbox>
  </object>
  <object>
    <name>4</name>
    <truncated>0</truncated>
    <difficult>0</difficult>
    <occluded>0</occluded>
    <bndbox>
      <xmin>74</xmin>
      <ymin>39</ymin>
      <xmax>188</xmax>
      <ymax>121</ymax>
    </bndbox>
  </object>
  <object>
    <name>1</name>
    <truncated>0</truncated>
    <difficult>0</difficult>
    <occluded>0</occluded>
    <bndbox>
      <xmin>24</xmin>
      <ymin>119</ymin>
      <xmax>87</xmax>
      <ymax>191</ymax>
    </bndbox>
  </object>
  <object>
    <name>3</name>
    <truncated>0</truncated>
    <difficult>0</difficult>
    <occluded>0</occluded>
    <bndbox>
      <xmin>91</xmin>
      <ymin>134</ymin>
      <xmax>195</xmax>
      <ymax>223</ymax>
    </bndbox>
  </object>
</annotation>