<?xml version="1.0" encoding="UTF-8"?>
<annotation>
	<folder>images</folder>
  <filename>54_189.jpg</filename>
	<path>D:\Desktop\maix_train\datasets\number1_8\images\54_189.jpg</path>
  <size>
    <width>224</width>
    <height>224</height>
    <depth>3</depth>
  </size>
  <segmented>0</segmented>
  <object>
    <name>2</name>
    <truncated>0</truncated>
    <difficult>0</difficult>
    <occluded>0</occluded>
    <bndbox>
      <xmin>14</xmin>
      <ymin>19</ymin>
      <xmax>69</xmax>
      <ymax>102</ymax>
    </bndbox>
  </object>
  <object>
    <name>4</name>
    <truncated>0</truncated>
    <difficult>0</difficult>
    <occluded>0</occluded>
    <bndbox>
      <xmin>79</xmin>
      <ymin>7</ymin>
      <xmax>190</xmax>
      <ymax>108</ymax>
    </bndbox>
  </object>
  <object>
    <name>1</name>
    <truncated>0</truncated>
    <difficult>0</difficult>
    <occluded>0</occluded>
    <bndbox>
      <xmin>23</xmin>
      <ymin>108</ymin>
      <xmax>74</xmax>
      <ymax>165</ymax>
    </bndbox>
  </object>
  <object>
    <name>3</name>
    <truncated>0</truncated>
    <difficult>0</difficult>
    <occluded>0</occluded>
    <bndbox>
      <xmin>86</xmin>
      <ymin>122</ymin>
      <xmax>191</xmax>
      <ymax>195</ymax>
    </bndbox>
  </object>
</annotation>