<?xml version="1.0" encoding="UTF-8"?>
<annotation>
	<folder>images</folder>
  <filename>55_188.jpg</filename>
	<path>D:\Desktop\maix_train\datasets\number1_8\images\55_188.jpg</path>
  <size>
    <width>224</width>
    <height>224</height>
    <depth>3</depth>
  </size>
  <segmented>0</segmented>
  <object>
    <name>2</name>
    <truncated>0</truncated>
    <difficult>0</difficult>
    <occluded>0</occluded>
    <bndbox>
      <xmin>16</xmin>
      <ymin>31</ymin>
      <xmax>72</xmax>
      <ymax>108</ymax>
    </bndbox>
  </object>
  <object>
    <name>4</name>
    <truncated>0</truncated>
    <difficult>0</difficult>
    <occluded>0</occluded>
    <bndbox>
      <xmin>77</xmin>
      <ymin>12</ymin>
      <xmax>195</xmax>
      <ymax>114</ymax>
    </bndbox>
  </object>
  <object>
    <name>1</name>
    <truncated>0</truncated>
    <difficult>0</difficult>
    <occluded>0</occluded>
    <bndbox>
      <xmin>22</xmin>
      <ymin>114</ymin>
      <xmax>71</xmax>
      <ymax>173</ymax>
    </bndbox>
  </object>
  <object>
    <name>3</name>
    <truncated>0</truncated>
    <difficult>0</difficult>
    <occluded>0</occluded>
    <bndbox>
      <xmin>85</xmin>
      <ymin>131</ymin>
      <xmax>189</xmax>
      <ymax>204</ymax>
    </bndbox>
  </object>
</annotation>