<?xml version="1.0" encoding="UTF-8"?>
<annotation>
	<folder>images</folder>
  <filename>56_89.jpg</filename>
	<path>D:\Desktop\maix_train\datasets\number1_8\images\56_89.jpg</path>
  <size>
    <width>224</width>
    <height>224</height>
    <depth>3</depth>
  </size>
  <segmented>0</segmented>
  <object>
    <name>2</name>
    <truncated>0</truncated>
    <difficult>0</difficult>
    <occluded>0</occluded>
    <bndbox>
      <xmin>26</xmin>
      <ymin>25</ymin>
      <xmax>81</xmax>
      <ymax>93</ymax>
    </bndbox>
  </object>
  <object>
    <name>4</name>
    <truncated>0</truncated>
    <difficult>0</difficult>
    <occluded>0</occluded>
    <bndbox>
      <xmin>96</xmin>
      <ymin>3</ymin>
      <xmax>214</xmax>
      <ymax>94</ymax>
    </bndbox>
  </object>
  <object>
    <name>1</name>
    <truncated>0</truncated>
    <difficult>0</difficult>
    <occluded>0</occluded>
    <bndbox>
      <xmin>27</xmin>
      <ymin>104</ymin>
      <xmax>76</xmax>
      <ymax>182</ymax>
    </bndbox>
  </object>
  <object>
    <name>3</name>
    <truncated>0</truncated>
    <difficult>0</difficult>
    <occluded>0</occluded>
    <bndbox>
      <xmin>94</xmin>
      <ymin>109</ymin>
      <xmax>206</xmax>
      <ymax>213</ymax>
    </bndbox>
  </object>
</annotation>