<?xml version="1.0" encoding="UTF-8"?>
<annotation>
	<folder>images</folder>
  <filename>58_90.jpg</filename>
	<path>D:\Desktop\maix_train\datasets\number1_8\images\58_90.jpg</path>
  <size>
    <width>224</width>
    <height>224</height>
    <depth>3</depth>
  </size>
  <segmented>0</segmented>
  <object>
    <name>2</name>
    <truncated>0</truncated>
    <difficult>0</difficult>
    <occluded>0</occluded>
    <bndbox>
      <xmin>14</xmin>
      <ymin>37</ymin>
      <xmax>69</xmax>
      <ymax>108</ymax>
    </bndbox>
  </object>
  <object>
    <name>4</name>
    <truncated>0</truncated>
    <difficult>0</difficult>
    <occluded>0</occluded>
    <bndbox>
      <xmin>76</xmin>
      <ymin>1</ymin>
      <xmax>212</xmax>
      <ymax>100</ymax>
    </bndbox>
  </object>
  <object>
    <name>1</name>
    <truncated>0</truncated>
    <difficult>0</difficult>
    <occluded>0</occluded>
    <bndbox>
      <xmin>4</xmin>
      <ymin>120</ymin>
      <xmax>61</xmax>
      <ymax>198</ymax>
    </bndbox>
  </object>
  <object>
    <name>3</name>
    <truncated>0</truncated>
    <difficult>0</difficult>
    <occluded>0</occluded>
    <bndbox>
      <xmin>79</xmin>
      <ymin>117</ymin>
      <xmax>206</xmax>
      <ymax>223</ymax>
    </bndbox>
  </object>
</annotation>