<?xml version="1.0" encoding="UTF-8"?>
<annotation>
	<folder>images</folder>
  <filename>59_91.jpg</filename>
	<path>D:\Desktop\maix_train\datasets\number1_8\images\59_91.jpg</path>
  <size>
    <width>224</width>
    <height>224</height>
    <depth>3</depth>
  </size>
  <segmented>0</segmented>
  <object>
    <name>2</name>
    <truncated>0</truncated>
    <difficult>0</difficult>
    <occluded>0</occluded>
    <bndbox>
      <xmin>0</xmin>
      <ymin>39</ymin>
      <xmax>60</xmax>
      <ymax>104</ymax>
    </bndbox>
  </object>
  <object>
    <name>4</name>
    <truncated>0</truncated>
    <difficult>0</difficult>
    <occluded>0</occluded>
    <bndbox>
      <xmin>74</xmin>
      <ymin>2</ymin>
      <xmax>214</xmax>
      <ymax>99</ymax>
    </bndbox>
  </object>
  <object>
    <name>1</name>
    <truncated>0</truncated>
    <difficult>0</difficult>
    <occluded>0</occluded>
    <bndbox>
      <xmin>0</xmin>
      <ymin>116</ymin>
      <xmax>53</xmax>
      <ymax>202</ymax>
    </bndbox>
  </object>
  <object>
    <name>3</name>
    <truncated>0</truncated>
    <difficult>0</difficult>
    <occluded>0</occluded>
    <bndbox>
      <xmin>66</xmin>
      <ymin>116</ymin>
      <xmax>198</xmax>
      <ymax>223</ymax>
    </bndbox>
  </object>
</annotation>