<?xml version="1.0" encoding="UTF-8"?>
<annotation>
	<folder>images</folder>
  <filename>60_93.jpg</filename>
	<path>D:\Desktop\maix_train\datasets\number1_8\images\60_93.jpg</path>
  <size>
    <width>224</width>
    <height>224</height>
    <depth>3</depth>
  </size>
  <segmented>0</segmented>
  <object>
    <name>2</name>
    <truncated>0</truncated>
    <difficult>0</difficult>
    <occluded>0</occluded>
    <bndbox>
      <xmin>0</xmin>
      <ymin>27</ymin>
      <xmax>63</xmax>
      <ymax>103</ymax>
    </bndbox>
  </object>
  <object>
    <name>4</name>
    <truncated>0</truncated>
    <difficult>0</difficult>
    <occluded>0</occluded>
    <bndbox>
      <xmin>64</xmin>
      <ymin>0</ymin>
      <xmax>222</xmax>
      <ymax>96</ymax>
    </bndbox>
  </object>
  <object>
    <name>3</name>
    <truncated>0</truncated>
    <difficult>0</difficult>
    <occluded>0</occluded>
    <bndbox>
      <xmin>63</xmin>
      <ymin>114</ymin>
      <xmax>205</xmax>
      <ymax>222</ymax>
    </bndbox>
  </object>
</annotation>