<?xml version="1.0" encoding="UTF-8"?>
<annotation>
	<folder>images</folder>
  <filename>61_94.jpg</filename>
	<path>D:\Desktop\maix_train\datasets\number1_8\images\61_94.jpg</path>
  <size>
    <width>224</width>
    <height>224</height>
    <depth>3</depth>
  </size>
  <segmented>0</segmented>
  <object>
    <name>2</name>
    <truncated>0</truncated>
    <difficult>0</difficult>
    <occluded>0</occluded>
    <bndbox>
      <xmin>21</xmin>
      <ymin>34</ymin>
      <xmax>92</xmax>
      <ymax>96</ymax>
    </bndbox>
  </object>
  <object>
    <name>4</name>
    <truncated>0</truncated>
    <difficult>0</difficult>
    <occluded>0</occluded>
    <bndbox>
      <xmin>117</xmin>
      <ymin>0</ymin>
      <xmax>223</xmax>
      <ymax>94</ymax>
    </bndbox>
  </object>
  <object>
    <name>1</name>
    <truncated>0</truncated>
    <difficult>0</difficult>
    <occluded>0</occluded>
    <bndbox>
      <xmin>4</xmin>
      <ymin>116</ymin>
      <xmax>76</xmax>
      <ymax>210</ymax>
    </bndbox>
  </object>
  <object>
    <name>3</name>
    <truncated>0</truncated>
    <difficult>0</difficult>
    <occluded>0</occluded>
    <bndbox>
      <xmin>103</xmin>
      <ymin>97</ymin>
      <xmax>223</xmax>
      <ymax>219</ymax>
    </bndbox>
  </object>
</annotation>