<?xml version="1.0" encoding="UTF-8"?>
<annotation>
	<folder>images</folder>
  <filename>64_96.jpg</filename>
	<path>D:\Desktop\maix_train\datasets\number1_8\images\64_96.jpg</path>
  <size>
    <width>224</width>
    <height>224</height>
    <depth>3</depth>
  </size>
  <segmented>0</segmented>
  <object>
    <name>2</name>
    <truncated>0</truncated>
    <difficult>0</difficult>
    <occluded>0</occluded>
    <bndbox>
      <xmin>10</xmin>
      <ymin>31</ymin>
      <xmax>130</xmax>
      <ymax>102</ymax>
    </bndbox>
  </object>
  <object>
    <name>4</name>
    <truncated>0</truncated>
    <difficult>0</difficult>
    <occluded>0</occluded>
    <bndbox>
      <xmin>147</xmin>
      <ymin>30</ymin>
      <xmax>223</xmax>
      <ymax>106</ymax>
    </bndbox>
  </object>
  <object>
    <name>1</name>
    <truncated>0</truncated>
    <difficult>0</difficult>
    <occluded>0</occluded>
    <bndbox>
      <xmin>11</xmin>
      <ymin>114</ymin>
      <xmax>136</xmax>
      <ymax>203</ymax>
    </bndbox>
  </object>
</annotation>