<?xml version="1.0" encoding="UTF-8"?>
<annotation>
	<folder>images</folder>
  <filename>66_6.jpg</filename>
	<path>D:\Desktop\maix_train\datasets\number1_8\images\66_6.jpg</path>
  <size>
    <width>224</width>
    <height>224</height>
    <depth>3</depth>
  </size>
  <segmented>0</segmented>
  <object>
    <name>2</name>
    <truncated>0</truncated>
    <difficult>0</difficult>
    <occluded>0</occluded>
    <bndbox>
      <xmin>0</xmin>
      <ymin>13</ymin>
      <xmax>99</xmax>
      <ymax>99</ymax>
    </bndbox>
  </object>
  <object>
    <name>4</name>
    <truncated>0</truncated>
    <difficult>0</difficult>
    <occluded>0</occluded>
    <bndbox>
      <xmin>133</xmin>
      <ymin>28</ymin>
      <xmax>219</xmax>
      <ymax>99</ymax>
    </bndbox>
  </object>
  <object>
    <name>1</name>
    <truncated>0</truncated>
    <difficult>0</difficult>
    <occluded>0</occluded>
    <bndbox>
      <xmin>0</xmin>
      <ymin>106</ymin>
      <xmax>117</xmax>
      <ymax>209</ymax>
    </bndbox>
  </object>
  <object>
    <name>3</name>
    <truncated>0</truncated>
    <difficult>0</difficult>
    <occluded>0</occluded>
    <bndbox>
      <xmin>133</xmin>
      <ymin>114</ymin>
      <xmax>223</xmax>
      <ymax>196</ymax>
    </bndbox>
  </object>
</annotation>