<?xml version="1.0" encoding="UTF-8"?>
<annotation>
	<folder>images</folder>
  <filename>68_9.jpg</filename>
	<path>D:\Desktop\maix_train\datasets\number1_8\images\68_9.jpg</path>
  <size>
    <width>224</width>
    <height>224</height>
    <depth>3</depth>
  </size>
  <segmented>0</segmented>
  <object>
    <name>2</name>
    <truncated>0</truncated>
    <difficult>0</difficult>
    <occluded>0</occluded>
    <bndbox>
      <xmin>15</xmin>
      <ymin>32</ymin>
      <xmax>135</xmax>
      <ymax>117</ymax>
    </bndbox>
  </object>
  <object>
    <name>4</name>
    <truncated>0</truncated>
    <difficult>0</difficult>
    <occluded>0</occluded>
    <bndbox>
      <xmin>143</xmin>
      <ymin>39</ymin>
      <xmax>223</xmax>
      <ymax>109</ymax>
    </bndbox>
  </object>
  <object>
    <name>1</name>
    <truncated>0</truncated>
    <difficult>0</difficult>
    <occluded>0</occluded>
    <bndbox>
      <xmin>24</xmin>
      <ymin>135</ymin>
      <xmax>137</xmax>
      <ymax>214</ymax>
    </bndbox>
  </object>
  <object>
    <name>3</name>
    <truncated>0</truncated>
    <difficult>0</difficult>
    <occluded>0</occluded>
    <bndbox>
      <xmin>156</xmin>
      <ymin>122</ymin>
      <xmax>223</xmax>
      <ymax>191</ymax>
    </bndbox>
  </object>
</annotation>