<?xml version="1.0" encoding="UTF-8"?>
<annotation>
	<folder>images</folder>
  <filename>69_8.jpg</filename>
	<path>D:\Desktop\maix_train\datasets\number1_8\images\69_8.jpg</path>
  <size>
    <width>224</width>
    <height>224</height>
    <depth>3</depth>
  </size>
  <segmented>0</segmented>
  <object>
    <name>2</name>
    <truncated>0</truncated>
    <difficult>0</difficult>
    <occluded>0</occluded>
    <bndbox>
      <xmin>8</xmin>
      <ymin>49</ymin>
      <xmax>131</xmax>
      <ymax>131</ymax>
    </bndbox>
  </object>
  <object>
    <name>4</name>
    <truncated>0</truncated>
    <difficult>0</difficult>
    <occluded>0</occluded>
    <bndbox>
      <xmin>141</xmin>
      <ymin>47</ymin>
      <xmax>223</xmax>
      <ymax>114</ymax>
    </bndbox>
  </object>
  <object>
    <name>1</name>
    <truncated>0</truncated>
    <difficult>0</difficult>
    <occluded>0</occluded>
    <bndbox>
      <xmin>22</xmin>
      <ymin>156</ymin>
      <xmax>148</xmax>
      <ymax>223</ymax>
    </bndbox>
  </object>
  <object>
    <name>3</name>
    <truncated>0</truncated>
    <difficult>0</difficult>
    <occluded>0</occluded>
    <bndbox>
      <xmin>167</xmin>
      <ymin>127</ymin>
      <xmax>223</xmax>
      <ymax>205</ymax>
    </bndbox>
  </object>
</annotation>