<?xml version="1.0" encoding="UTF-8"?>
<annotation>
	<folder>images</folder>
  <filename>6_44.jpg</filename>
	<path>D:\Desktop\maix_train\datasets\number1_8\images\6_44.jpg</path>
  <size>
    <width>224</width>
    <height>224</height>
    <depth>3</depth>
  </size>
  <segmented>0</segmented>
  <object>
    <name>2</name>
    <truncated>0</truncated>
    <difficult>0</difficult>
    <occluded>0</occluded>
    <bndbox>
      <xmin>8</xmin>
      <ymin>40</ymin>
      <xmax>81</xmax>
      <ymax>105</ymax>
    </bndbox>
  </object>
  <object>
    <name>4</name>
    <truncated>0</truncated>
    <difficult>0</difficult>
    <occluded>0</occluded>
    <bndbox>
      <xmin>97</xmin>
      <ymin>15</ymin>
      <xmax>210</xmax>
      <ymax>104</ymax>
    </bndbox>
  </object>
  <object>
    <name>1</name>
    <truncated>0</truncated>
    <difficult>0</difficult>
    <occluded>0</occluded>
    <bndbox>
      <xmin>6</xmin>
      <ymin>116</ymin>
      <xmax>76</xmax>
      <ymax>197</ymax>
    </bndbox>
  </object>
  <object>
    <name>3</name>
    <truncated>0</truncated>
    <difficult>0</difficult>
    <occluded>0</occluded>
    <bndbox>
      <xmin>100</xmin>
      <ymin>114</ymin>
      <xmax>207</xmax>
      <ymax>198</ymax>
    </bndbox>
  </object>
</annotation>