<?xml version="1.0" encoding="UTF-8"?>
<annotation>
	<folder>images</folder>
  <filename>71_12.jpg</filename>
	<path>D:\Desktop\maix_train\datasets\number1_8\images\71_12.jpg</path>
  <size>
    <width>224</width>
    <height>224</height>
    <depth>3</depth>
  </size>
  <segmented>0</segmented>
  <object>
    <name>2</name>
    <truncated>0</truncated>
    <difficult>0</difficult>
    <occluded>0</occluded>
    <bndbox>
      <xmin>0</xmin>
      <ymin>57</ymin>
      <xmax>123</xmax>
      <ymax>140</ymax>
    </bndbox>
  </object>
  <object>
    <name>4</name>
    <truncated>0</truncated>
    <difficult>0</difficult>
    <occluded>0</occluded>
    <bndbox>
      <xmin>130</xmin>
      <ymin>17</ymin>
      <xmax>223</xmax>
      <ymax>116</ymax>
    </bndbox>
  </object>
  <object>
    <name>1</name>
    <truncated>0</truncated>
    <difficult>0</difficult>
    <occluded>0</occluded>
    <bndbox>
      <xmin>25</xmin>
      <ymin>168</ymin>
      <xmax>138</xmax>
      <ymax>223</ymax>
    </bndbox>
  </object>
  <object>
    <name>3</name>
    <truncated>0</truncated>
    <difficult>0</difficult>
    <occluded>0</occluded>
    <bndbox>
      <xmin>150</xmin>
      <ymin>119</ymin>
      <xmax>223</xmax>
      <ymax>195</ymax>
    </bndbox>
  </object>
</annotation>