<?xml version="1.0" encoding="UTF-8"?>
<annotation>
	<folder>images</folder>
  <filename>72_10.jpg</filename>
	<path>D:\Desktop\maix_train\datasets\number1_8\images\72_10.jpg</path>
  <size>
    <width>224</width>
    <height>224</height>
    <depth>3</depth>
  </size>
  <segmented>0</segmented>
  <object>
    <name>2</name>
    <truncated>0</truncated>
    <difficult>0</difficult>
    <occluded>0</occluded>
    <bndbox>
      <xmin>0</xmin>
      <ymin>78</ymin>
      <xmax>111</xmax>
      <ymax>153</ymax>
    </bndbox>
  </object>
  <object>
    <name>4</name>
    <truncated>0</truncated>
    <difficult>0</difficult>
    <occluded>0</occluded>
    <bndbox>
      <xmin>132</xmin>
      <ymin>19</ymin>
      <xmax>216</xmax>
      <ymax>129</ymax>
    </bndbox>
  </object>
  <object>
    <name>1</name>
    <truncated>0</truncated>
    <difficult>0</difficult>
    <occluded>0</occluded>
    <bndbox>
      <xmin>23</xmin>
      <ymin>178</ymin>
      <xmax>134</xmax>
      <ymax>223</ymax>
    </bndbox>
  </object>
  <object>
    <name>3</name>
    <truncated>0</truncated>
    <difficult>0</difficult>
    <occluded>0</occluded>
    <bndbox>
      <xmin>150</xmin>
      <ymin>119</ymin>
      <xmax>223</xmax>
      <ymax>202</ymax>
    </bndbox>
  </object>
</annotation>