<?xml version="1.0" encoding="UTF-8"?>
<annotation>
	<folder>images</folder>
  <filename>73_13.jpg</filename>
	<path>D:\Desktop\maix_train\datasets\number1_8\images\73_13.jpg</path>
  <size>
    <width>224</width>
    <height>224</height>
    <depth>3</depth>
  </size>
  <segmented>0</segmented>
  <object>
    <name>2</name>
    <truncated>0</truncated>
    <difficult>0</difficult>
    <occluded>0</occluded>
    <bndbox>
      <xmin>0</xmin>
      <ymin>48</ymin>
      <xmax>96</xmax>
      <ymax>136</ymax>
    </bndbox>
  </object>
  <object>
    <name>4</name>
    <truncated>0</truncated>
    <difficult>0</difficult>
    <occluded>0</occluded>
    <bndbox>
      <xmin>106</xmin>
      <ymin>1</ymin>
      <xmax>196</xmax>
      <ymax>115</ymax>
    </bndbox>
  </object>
  <object>
    <name>1</name>
    <truncated>0</truncated>
    <difficult>0</difficult>
    <occluded>0</occluded>
    <bndbox>
      <xmin>0</xmin>
      <ymin>155</ymin>
      <xmax>108</xmax>
      <ymax>216</ymax>
    </bndbox>
  </object>
  <object>
    <name>3</name>
    <truncated>0</truncated>
    <difficult>0</difficult>
    <occluded>0</occluded>
    <bndbox>
      <xmin>125</xmin>
      <ymin>108</ymin>
      <xmax>211</xmax>
      <ymax>184</ymax>
    </bndbox>
  </object>
</annotation>