<?xml version="1.0" encoding="UTF-8"?>
<annotation>
	<folder>images</folder>
  <filename>76_21.jpg</filename>
	<path>D:\Desktop\maix_train\datasets\number1_8\images\76_21.jpg</path>
  <size>
    <width>224</width>
    <height>224</height>
    <depth>3</depth>
  </size>
  <segmented>0</segmented>
  <object>
    <name>2</name>
    <truncated>0</truncated>
    <difficult>0</difficult>
    <occluded>0</occluded>
    <bndbox>
      <xmin>33</xmin>
      <ymin>52</ymin>
      <xmax>122</xmax>
      <ymax>115</ymax>
    </bndbox>
  </object>
  <object>
    <name>4</name>
    <truncated>0</truncated>
    <difficult>0</difficult>
    <occluded>0</occluded>
    <bndbox>
      <xmin>137</xmin>
      <ymin>51</ymin>
      <xmax>223</xmax>
      <ymax>116</ymax>
    </bndbox>
  </object>
  <object>
    <name>1</name>
    <truncated>0</truncated>
    <difficult>0</difficult>
    <occluded>0</occluded>
    <bndbox>
      <xmin>42</xmin>
      <ymin>113</ymin>
      <xmax>114</xmax>
      <ymax>166</ymax>
    </bndbox>
  </object>
  <object>
    <name>3</name>
    <truncated>0</truncated>
    <difficult>0</difficult>
    <occluded>0</occluded>
    <bndbox>
      <xmin>143</xmin>
      <ymin>126</ymin>
      <xmax>217</xmax>
      <ymax>168</ymax>
    </bndbox>
  </object>
</annotation>