<?xml version="1.0" encoding="UTF-8"?>
<annotation>
	<folder>images</folder>
  <filename>79_20.jpg</filename>
	<path>D:\Desktop\maix_train\datasets\number1_8\images\79_20.jpg</path>
  <size>
    <width>224</width>
    <height>224</height>
    <depth>3</depth>
  </size>
  <segmented>0</segmented>
  <object>
    <name>2</name>
    <truncated>0</truncated>
    <difficult>0</difficult>
    <occluded>0</occluded>
    <bndbox>
      <xmin>0</xmin>
      <ymin>56</ymin>
      <xmax>91</xmax>
      <ymax>115</ymax>
    </bndbox>
  </object>
  <object>
    <name>4</name>
    <truncated>0</truncated>
    <difficult>0</difficult>
    <occluded>0</occluded>
    <bndbox>
      <xmin>94</xmin>
      <ymin>31</ymin>
      <xmax>198</xmax>
      <ymax>116</ymax>
    </bndbox>
  </object>
  <object>
    <name>1</name>
    <truncated>0</truncated>
    <difficult>0</difficult>
    <occluded>0</occluded>
    <bndbox>
      <xmin>9</xmin>
      <ymin>119</ymin>
      <xmax>97</xmax>
      <ymax>177</ymax>
    </bndbox>
  </object>
  <object>
    <name>3</name>
    <truncated>0</truncated>
    <difficult>0</difficult>
    <occluded>0</occluded>
    <bndbox>
      <xmin>110</xmin>
      <ymin>128</ymin>
      <xmax>190</xmax>
      <ymax>183</ymax>
    </bndbox>
  </object>
</annotation>