<?xml version="1.0" encoding="UTF-8"?>
<annotation>
	<folder>images</folder>
  <filename>80_19.jpg</filename>
	<path>D:\Desktop\maix_train\datasets\number1_8\images\80_19.jpg</path>
  <size>
    <width>224</width>
    <height>224</height>
    <depth>3</depth>
  </size>
  <segmented>0</segmented>
  <object>
    <name>2</name>
    <truncated>0</truncated>
    <difficult>0</difficult>
    <occluded>0</occluded>
    <bndbox>
      <xmin>0</xmin>
      <ymin>50</ymin>
      <xmax>83</xmax>
      <ymax>119</ymax>
    </bndbox>
  </object>
  <object>
    <name>4</name>
    <truncated>0</truncated>
    <difficult>0</difficult>
    <occluded>0</occluded>
    <bndbox>
      <xmin>95</xmin>
      <ymin>33</ymin>
      <xmax>208</xmax>
      <ymax>122</ymax>
    </bndbox>
  </object>
  <object>
    <name>1</name>
    <truncated>0</truncated>
    <difficult>0</difficult>
    <occluded>0</occluded>
    <bndbox>
      <xmin>13</xmin>
      <ymin>119</ymin>
      <xmax>95</xmax>
      <ymax>173</ymax>
    </bndbox>
  </object>
  <object>
    <name>3</name>
    <truncated>0</truncated>
    <difficult>0</difficult>
    <occluded>0</occluded>
    <bndbox>
      <xmin>109</xmin>
      <ymin>132</ymin>
      <xmax>202</xmax>
      <ymax>180</ymax>
    </bndbox>
  </object>
</annotation>