<?xml version="1.0" encoding="UTF-8"?>
<annotation>
	<folder>images</folder>
  <filename>81_23.jpg</filename>
	<path>D:\Desktop\maix_train\datasets\number1_8\images\81_23.jpg</path>
  <size>
    <width>224</width>
    <height>224</height>
    <depth>3</depth>
  </size>
  <segmented>0</segmented>
  <object>
    <name>2</name>
    <truncated>0</truncated>
    <difficult>0</difficult>
    <occluded>0</occluded>
    <bndbox>
      <xmin>0</xmin>
      <ymin>58</ymin>
      <xmax>85</xmax>
      <ymax>131</ymax>
    </bndbox>
  </object>
  <object>
    <name>4</name>
    <truncated>0</truncated>
    <difficult>0</difficult>
    <occluded>0</occluded>
    <bndbox>
      <xmin>108</xmin>
      <ymin>59</ymin>
      <xmax>216</xmax>
      <ymax>135</ymax>
    </bndbox>
  </object>
  <object>
    <name>1</name>
    <truncated>0</truncated>
    <difficult>0</difficult>
    <occluded>0</occluded>
    <bndbox>
      <xmin>14</xmin>
      <ymin>134</ymin>
      <xmax>100</xmax>
      <ymax>189</ymax>
    </bndbox>
  </object>
  <object>
    <name>3</name>
    <truncated>0</truncated>
    <difficult>0</difficult>
    <occluded>0</occluded>
    <bndbox>
      <xmin>121</xmin>
      <ymin>151</ymin>
      <xmax>214</xmax>
      <ymax>198</ymax>
    </bndbox>
  </object>
</annotation>