<?xml version="1.0" encoding="UTF-8"?>
<annotation>
	<folder>images</folder>
  <filename>84_28.jpg</filename>
	<path>D:\Desktop\maix_train\datasets\number1_8\images\84_28.jpg</path>
  <size>
    <width>224</width>
    <height>224</height>
    <depth>3</depth>
  </size>
  <segmented>0</segmented>
  <object>
    <name>4</name>
    <truncated>0</truncated>
    <difficult>0</difficult>
    <occluded>0</occluded>
    <bndbox>
      <xmin>89</xmin>
      <ymin>62</ymin>
      <xmax>220</xmax>
      <ymax>148</ymax>
    </bndbox>
  </object>
  <object>
    <name>1</name>
    <truncated>0</truncated>
    <difficult>0</difficult>
    <occluded>0</occluded>
    <bndbox>
      <xmin>0</xmin>
      <ymin>147</ymin>
      <xmax>97</xmax>
      <ymax>195</ymax>
    </bndbox>
  </object>
  <object>
    <name>3</name>
    <truncated>0</truncated>
    <difficult>0</difficult>
    <occluded>0</occluded>
    <bndbox>
      <xmin>109</xmin>
      <ymin>169</ymin>
      <xmax>210</xmax>
      <ymax>211</ymax>
    </bndbox>
  </object>
</annotation>