<?xml version="1.0" encoding="UTF-8"?>
<annotation>
	<folder>images</folder>
  <filename>85_26.jpg</filename>
	<path>D:\Desktop\maix_train\datasets\number1_8\images\85_26.jpg</path>
  <size>
    <width>224</width>
    <height>224</height>
    <depth>3</depth>
  </size>
  <segmented>0</segmented>
  <object>
    <name>2</name>
    <truncated>0</truncated>
    <difficult>0</difficult>
    <occluded>0</occluded>
    <bndbox>
      <xmin>15</xmin>
      <ymin>43</ymin>
      <xmax>105</xmax>
      <ymax>95</ymax>
    </bndbox>
  </object>
  <object>
    <name>4</name>
    <truncated>0</truncated>
    <difficult>0</difficult>
    <occluded>0</occluded>
    <bndbox>
      <xmin>130</xmin>
      <ymin>20</ymin>
      <xmax>223</xmax>
      <ymax>80</ymax>
    </bndbox>
  </object>
  <object>
    <name>1</name>
    <truncated>0</truncated>
    <difficult>0</difficult>
    <occluded>0</occluded>
    <bndbox>
      <xmin>0</xmin>
      <ymin>107</ymin>
      <xmax>69</xmax>
      <ymax>181</ymax>
    </bndbox>
  </object>
  <object>
    <name>3</name>
    <truncated>0</truncated>
    <difficult>0</difficult>
    <occluded>0</occluded>
    <bndbox>
      <xmin>103</xmin>
      <ymin>90</ymin>
      <xmax>223</xmax>
      <ymax>179</ymax>
    </bndbox>
  </object>
</annotation>