<?xml version="1.0" encoding="UTF-8"?>
<annotation>
	<folder>images</folder>
  <filename>88_29.jpg</filename>
	<path>D:\Desktop\maix_train\datasets\number1_8\images\88_29.jpg</path>
  <size>
    <width>224</width>
    <height>224</height>
    <depth>3</depth>
  </size>
  <segmented>0</segmented>
  <object>
    <name>2</name>
    <truncated>0</truncated>
    <difficult>0</difficult>
    <occluded>0</occluded>
    <bndbox>
      <xmin>15</xmin>
      <ymin>53</ymin>
      <xmax>95</xmax>
      <ymax>92</ymax>
    </bndbox>
  </object>
  <object>
    <name>4</name>
    <truncated>0</truncated>
    <difficult>0</difficult>
    <occluded>0</occluded>
    <bndbox>
      <xmin>121</xmin>
      <ymin>27</ymin>
      <xmax>216</xmax>
      <ymax>82</ymax>
    </bndbox>
  </object>
  <object>
    <name>1</name>
    <truncated>0</truncated>
    <difficult>0</difficult>
    <occluded>0</occluded>
    <bndbox>
      <xmin>0</xmin>
      <ymin>98</ymin>
      <xmax>65</xmax>
      <ymax>170</ymax>
    </bndbox>
  </object>
  <object>
    <name>3</name>
    <truncated>0</truncated>
    <difficult>0</difficult>
    <occluded>0</occluded>
    <bndbox>
      <xmin>92</xmin>
      <ymin>80</ymin>
      <xmax>223</xmax>
      <ymax>154</ymax>
    </bndbox>
  </object>
</annotation>