<?xml version="1.0" encoding="UTF-8"?>
<annotation>
	<folder>images</folder>
  <filename>8_46.jpg</filename>
	<path>D:\Desktop\maix_train\datasets\number1_8\images\8_46.jpg</path>
  <size>
    <width>224</width>
    <height>224</height>
    <depth>3</depth>
  </size>
  <segmented>0</segmented>
  <object>
    <name>2</name>
    <truncated>0</truncated>
    <difficult>0</difficult>
    <occluded>0</occluded>
    <bndbox>
      <xmin>11</xmin>
      <ymin>28</ymin>
      <xmax>83</xmax>
      <ymax>101</ymax>
    </bndbox>
  </object>
  <object>
    <name>4</name>
    <truncated>0</truncated>
    <difficult>0</difficult>
    <occluded>0</occluded>
    <bndbox>
      <xmin>100</xmin>
      <ymin>3</ymin>
      <xmax>217</xmax>
      <ymax>94</ymax>
    </bndbox>
  </object>
  <object>
    <name>1</name>
    <truncated>0</truncated>
    <difficult>0</difficult>
    <occluded>0</occluded>
    <bndbox>
      <xmin>4</xmin>
      <ymin>110</ymin>
      <xmax>72</xmax>
      <ymax>189</ymax>
    </bndbox>
  </object>
  <object>
    <name>3</name>
    <truncated>0</truncated>
    <difficult>0</difficult>
    <occluded>0</occluded>
    <bndbox>
      <xmin>94</xmin>
      <ymin>103</ymin>
      <xmax>221</xmax>
      <ymax>200</ymax>
    </bndbox>
  </object>
</annotation>