<?xml version="1.0" encoding="UTF-8"?>
<annotation>
	<folder>images</folder>
  <filename>93_33.jpg</filename>
	<path>D:\Desktop\maix_train\datasets\number1_8\images\93_33.jpg</path>
  <size>
    <width>224</width>
    <height>224</height>
    <depth>3</depth>
  </size>
  <segmented>0</segmented>
  <object>
    <name>2</name>
    <truncated>0</truncated>
    <difficult>0</difficult>
    <occluded>0</occluded>
    <bndbox>
      <xmin>17</xmin>
      <ymin>56</ymin>
      <xmax>97</xmax>
      <ymax>116</ymax>
    </bndbox>
  </object>
  <object>
    <name>4</name>
    <truncated>0</truncated>
    <difficult>0</difficult>
    <occluded>0</occluded>
    <bndbox>
      <xmin>114</xmin>
      <ymin>33</ymin>
      <xmax>223</xmax>
      <ymax>111</ymax>
    </bndbox>
  </object>
  <object>
    <name>1</name>
    <truncated>0</truncated>
    <difficult>0</difficult>
    <occluded>0</occluded>
    <bndbox>
      <xmin>0</xmin>
      <ymin>126</ymin>
      <xmax>75</xmax>
      <ymax>205</ymax>
    </bndbox>
  </object>
  <object>
    <name>3</name>
    <truncated>0</truncated>
    <difficult>0</difficult>
    <occluded>0</occluded>
    <bndbox>
      <xmin>97</xmin>
      <ymin>123</ymin>
      <xmax>223</xmax>
      <ymax>203</ymax>
    </bndbox>
  </object>
</annotation>