<?xml version="1.0" encoding="UTF-8"?>
<annotation>
	<folder>images</folder>
  <filename>95_36.jpg</filename>
	<path>D:\Desktop\maix_train\datasets\number1_8\images\95_36.jpg</path>
  <size>
    <width>224</width>
    <height>224</height>
    <depth>3</depth>
  </size>
  <segmented>0</segmented>
  <object>
    <name>2</name>
    <truncated>0</truncated>
    <difficult>0</difficult>
    <occluded>0</occluded>
    <bndbox>
      <xmin>34</xmin>
      <ymin>59</ymin>
      <xmax>96</xmax>
      <ymax>111</ymax>
    </bndbox>
  </object>
  <object>
    <name>4</name>
    <truncated>0</truncated>
    <difficult>0</difficult>
    <occluded>0</occluded>
    <bndbox>
      <xmin>103</xmin>
      <ymin>32</ymin>
      <xmax>215</xmax>
      <ymax>118</ymax>
    </bndbox>
  </object>
  <object>
    <name>1</name>
    <truncated>0</truncated>
    <difficult>0</difficult>
    <occluded>0</occluded>
    <bndbox>
      <xmin>27</xmin>
      <ymin>125</ymin>
      <xmax>99</xmax>
      <ymax>198</ymax>
    </bndbox>
  </object>
  <object>
    <name>3</name>
    <truncated>0</truncated>
    <difficult>0</difficult>
    <occluded>0</occluded>
    <bndbox>
      <xmin>107</xmin>
      <ymin>123</ymin>
      <xmax>212</xmax>
      <ymax>205</ymax>
    </bndbox>
  </object>
</annotation>