<?xml version="1.0" encoding="UTF-8"?>
<annotation>
	<folder>images</folder>
  <filename>96_40.jpg</filename>
	<path>D:\Desktop\maix_train\datasets\number1_8\images\96_40.jpg</path>
  <size>
    <width>224</width>
    <height>224</height>
    <depth>3</depth>
  </size>
  <segmented>0</segmented>
  <object>
    <name>2</name>
    <truncated>0</truncated>
    <difficult>0</difficult>
    <occluded>0</occluded>
    <bndbox>
      <xmin>31</xmin>
      <ymin>66</ymin>
      <xmax>95</xmax>
      <ymax>122</ymax>
    </bndbox>
  </object>
  <object>
    <name>4</name>
    <truncated>0</truncated>
    <difficult>0</difficult>
    <occluded>0</occluded>
    <bndbox>
      <xmin>105</xmin>
      <ymin>40</ymin>
      <xmax>209</xmax>
      <ymax>125</ymax>
    </bndbox>
  </object>
  <object>
    <name>1</name>
    <truncated>0</truncated>
    <difficult>0</difficult>
    <occluded>0</occluded>
    <bndbox>
      <xmin>28</xmin>
      <ymin>135</ymin>
      <xmax>92</xmax>
      <ymax>209</ymax>
    </bndbox>
  </object>
  <object>
    <name>3</name>
    <truncated>0</truncated>
    <difficult>0</difficult>
    <occluded>0</occluded>
    <bndbox>
      <xmin>112</xmin>
      <ymin>136</ymin>
      <xmax>216</xmax>
      <ymax>207</ymax>
    </bndbox>
  </object>
</annotation>