<?xml version="1.0" encoding="UTF-8"?>
<annotation>
	<folder>images</folder>
  <filename>97_38.jpg</filename>
	<path>D:\Desktop\maix_train\datasets\number1_8\images\97_38.jpg</path>
  <size>
    <width>224</width>
    <height>224</height>
    <depth>3</depth>
  </size>
  <segmented>0</segmented>
  <object>
    <name>2</name>
    <truncated>0</truncated>
    <difficult>0</difficult>
    <occluded>0</occluded>
    <bndbox>
      <xmin>26</xmin>
      <ymin>52</ymin>
      <xmax>94</xmax>
      <ymax>116</ymax>
    </bndbox>
  </object>
  <object>
    <name>4</name>
    <truncated>0</truncated>
    <difficult>0</difficult>
    <occluded>0</occluded>
    <bndbox>
      <xmin>110</xmin>
      <ymin>30</ymin>
      <xmax>212</xmax>
      <ymax>116</ymax>
    </bndbox>
  </object>
  <object>
    <name>1</name>
    <truncated>0</truncated>
    <difficult>0</difficult>
    <occluded>0</occluded>
    <bndbox>
      <xmin>31</xmin>
      <ymin>125</ymin>
      <xmax>93</xmax>
      <ymax>198</ymax>
    </bndbox>
  </object>
  <object>
    <name>3</name>
    <truncated>0</truncated>
    <difficult>0</difficult>
    <occluded>0</occluded>
    <bndbox>
      <xmin>111</xmin>
      <ymin>128</ymin>
      <xmax>210</xmax>
      <ymax>198</ymax>
    </bndbox>
  </object>
</annotation>