<?xml version="1.0" encoding="UTF-8"?>
<annotation>
	<folder>images</folder>
  <filename>99_41.jpg</filename>
	<path>D:\Desktop\maix_train\datasets\number1_8\images\99_41.jpg</path>
  <size>
    <width>224</width>
    <height>224</height>
    <depth>3</depth>
  </size>
  <segmented>0</segmented>
  <object>
    <name>2</name>
    <truncated>0</truncated>
    <difficult>0</difficult>
    <occluded>0</occluded>
    <bndbox>
      <xmin>11</xmin>
      <ymin>40</ymin>
      <xmax>88</xmax>
      <ymax>109</ymax>
    </bndbox>
  </object>
  <object>
    <name>4</name>
    <truncated>0</truncated>
    <difficult>0</difficult>
    <occluded>0</occluded>
    <bndbox>
      <xmin>108</xmin>
      <ymin>20</ymin>
      <xmax>215</xmax>
      <ymax>104</ymax>
    </bndbox>
  </object>
  <object>
    <name>1</name>
    <truncated>0</truncated>
    <difficult>0</difficult>
    <occluded>0</occluded>
    <bndbox>
      <xmin>11</xmin>
      <ymin>116</ymin>
      <xmax>92</xmax>
      <ymax>190</ymax>
    </bndbox>
  </object>
  <object>
    <name>3</name>
    <truncated>0</truncated>
    <difficult>0</difficult>
    <occluded>0</occluded>
    <bndbox>
      <xmin>116</xmin>
      <ymin>116</ymin>
      <xmax>213</xmax>
      <ymax>197</ymax>
    </bndbox>
  </object>
</annotation>